filename,label
./casia/angry/201.wav,"[1.0, 0.0, 0.0, 0.0, 0.0, 0.0]"
./casia/angry/202.wav,"[1.0, 0.0, 0.0, 0.0, 0.0, 0.0]"
./casia/angry/203.wav,"[1.0, 0.0, 0.0, 0.0, 0.0, 0.0]"
./casia/angry/204.wav,"[1.0, 0.0, 0.0, 0.0, 0.0, 0.0]"
./casia/angry/205.wav,"[1.0, 0.0, 0.0, 0.0, 0.0, 0.0]"
./casia/angry/206.wav,"[1.0, 0.0, 0.0, 0.0, 0.0, 0.0]"
./casia/angry/207.wav,"[1.0, 0.0, 0.0, 0.0, 0.0, 0.0]"
./casia/angry/208.wav,"[1.0, 0.0, 0.0, 0.0, 0.0, 0.0]"
./casia/angry/209.wav,"[1.0, 0.0, 0.0, 0.0, 0.0, 0.0]"
./casia/angry/210.wav,"[1.0, 0.0, 0.0, 0.0, 0.0, 0.0]"
./casia/angry/211.wav,"[1.0, 0.0, 0.0, 0.0, 0.0, 0.0]"
./casia/angry/212.wav,"[1.0, 0.0, 0.0, 0.0, 0.0, 0.0]"
./casia/angry/213.wav,"[1.0, 0.0, 0.0, 0.0, 0.0, 0.0]"
./casia/angry/214.wav,"[1.0, 0.0, 0.0, 0.0, 0.0, 0.0]"
./casia/angry/215.wav,"[1.0, 0.0, 0.0, 0.0, 0.0, 0.0]"
./casia/angry/216.wav,"[1.0, 0.0, 0.0, 0.0, 0.0, 0.0]"
./casia/angry/217.wav,"[1.0, 0.0, 0.0, 0.0, 0.0, 0.0]"
./casia/angry/218.wav,"[1.0, 0.0, 0.0, 0.0, 0.0, 0.0]"
./casia/angry/219.wav,"[1.0, 0.0, 0.0, 0.0, 0.0, 0.0]"
./casia/angry/220.wav,"[1.0, 0.0, 0.0, 0.0, 0.0, 0.0]"
./casia/angry/222.wav,"[1.0, 0.0, 0.0, 0.0, 0.0, 0.0]"
./casia/angry/223.wav,"[1.0, 0.0, 0.0, 0.0, 0.0, 0.0]"
./casia/angry/224.wav,"[1.0, 0.0, 0.0, 0.0, 0.0, 0.0]"
./casia/angry/225.wav,"[1.0, 0.0, 0.0, 0.0, 0.0, 0.0]"
./casia/angry/226.wav,"[1.0, 0.0, 0.0, 0.0, 0.0, 0.0]"
./casia/angry/227.wav,"[1.0, 0.0, 0.0, 0.0, 0.0, 0.0]"
./casia/angry/228.wav,"[1.0, 0.0, 0.0, 0.0, 0.0, 0.0]"
./casia/angry/229.wav,"[1.0, 0.0, 0.0, 0.0, 0.0, 0.0]"
./casia/angry/230.wav,"[1.0, 0.0, 0.0, 0.0, 0.0, 0.0]"
./casia/angry/231.wav,"[1.0, 0.0, 0.0, 0.0, 0.0, 0.0]"
./casia/angry/232.wav,"[1.0, 0.0, 0.0, 0.0, 0.0, 0.0]"
./casia/angry/233.wav,"[1.0, 0.0, 0.0, 0.0, 0.0, 0.0]"
./casia/angry/234.wav,"[1.0, 0.0, 0.0, 0.0, 0.0, 0.0]"
./casia/angry/235.wav,"[1.0, 0.0, 0.0, 0.0, 0.0, 0.0]"
./casia/angry/236.wav,"[1.0, 0.0, 0.0, 0.0, 0.0, 0.0]"
./casia/angry/237.wav,"[1.0, 0.0, 0.0, 0.0, 0.0, 0.0]"
./casia/angry/238.wav,"[1.0, 0.0, 0.0, 0.0, 0.0, 0.0]"
./casia/angry/239.wav,"[1.0, 0.0, 0.0, 0.0, 0.0, 0.0]"
./casia/angry/240.wav,"[1.0, 0.0, 0.0, 0.0, 0.0, 0.0]"
./casia/angry/241.wav,"[1.0, 0.0, 0.0, 0.0, 0.0, 0.0]"
./casia/angry/243.wav,"[1.0, 0.0, 0.0, 0.0, 0.0, 0.0]"
./casia/angry/244.wav,"[1.0, 0.0, 0.0, 0.0, 0.0, 0.0]"
./casia/angry/245.wav,"[1.0, 0.0, 0.0, 0.0, 0.0, 0.0]"
./casia/angry/246.wav,"[1.0, 0.0, 0.0, 0.0, 0.0, 0.0]"
./casia/angry/247.wav,"[1.0, 0.0, 0.0, 0.0, 0.0, 0.0]"
./casia/angry/248.wav,"[1.0, 0.0, 0.0, 0.0, 0.0, 0.0]"
./casia/angry/249.wav,"[1.0, 0.0, 0.0, 0.0, 0.0, 0.0]"
./casia/angry/250.wav,"[1.0, 0.0, 0.0, 0.0, 0.0, 0.0]"
./casia/angry/file_100_1.wav,"[1.0, 0.0, 0.0, 0.0, 0.0, 0.0]"
./casia/angry/file_100_2.wav,"[1.0, 0.0, 0.0, 0.0, 0.0, 0.0]"
./casia/angry/file_100_3.wav,"[1.0, 0.0, 0.0, 0.0, 0.0, 0.0]"
./casia/angry/file_104_1.wav,"[1.0, 0.0, 0.0, 0.0, 0.0, 0.0]"
./casia/angry/file_104_2.wav,"[1.0, 0.0, 0.0, 0.0, 0.0, 0.0]"
./casia/angry/file_104_3.wav,"[1.0, 0.0, 0.0, 0.0, 0.0, 0.0]"
./casia/angry/file_108_1.wav,"[1.0, 0.0, 0.0, 0.0, 0.0, 0.0]"
./casia/angry/file_108_2.wav,"[1.0, 0.0, 0.0, 0.0, 0.0, 0.0]"
./casia/angry/file_108_3.wav,"[1.0, 0.0, 0.0, 0.0, 0.0, 0.0]"
./casia/angry/file_111_1.wav,"[1.0, 0.0, 0.0, 0.0, 0.0, 0.0]"
./casia/angry/file_111_3.wav,"[1.0, 0.0, 0.0, 0.0, 0.0, 0.0]"
./casia/angry/file_115_1.wav,"[1.0, 0.0, 0.0, 0.0, 0.0, 0.0]"
./casia/angry/file_115_2.wav,"[1.0, 0.0, 0.0, 0.0, 0.0, 0.0]"
./casia/angry/file_115_3.wav,"[1.0, 0.0, 0.0, 0.0, 0.0, 0.0]"
./casia/angry/file_119_1.wav,"[1.0, 0.0, 0.0, 0.0, 0.0, 0.0]"
./casia/angry/file_119_2.wav,"[1.0, 0.0, 0.0, 0.0, 0.0, 0.0]"
./casia/angry/file_119_3.wav,"[1.0, 0.0, 0.0, 0.0, 0.0, 0.0]"
./casia/angry/file_123_1.wav,"[1.0, 0.0, 0.0, 0.0, 0.0, 0.0]"
./casia/angry/file_123_2.wav,"[1.0, 0.0, 0.0, 0.0, 0.0, 0.0]"
./casia/angry/file_123_3.wav,"[1.0, 0.0, 0.0, 0.0, 0.0, 0.0]"
./casia/angry/file_127_1.wav,"[1.0, 0.0, 0.0, 0.0, 0.0, 0.0]"
./casia/angry/file_127_2.wav,"[1.0, 0.0, 0.0, 0.0, 0.0, 0.0]"
./casia/angry/file_127_3.wav,"[1.0, 0.0, 0.0, 0.0, 0.0, 0.0]"
./casia/angry/file_12_1.wav,"[1.0, 0.0, 0.0, 0.0, 0.0, 0.0]"
./casia/angry/file_12_2.wav,"[1.0, 0.0, 0.0, 0.0, 0.0, 0.0]"
./casia/angry/file_12_3.wav,"[1.0, 0.0, 0.0, 0.0, 0.0, 0.0]"
./casia/angry/file_130_1.wav,"[1.0, 0.0, 0.0, 0.0, 0.0, 0.0]"
./casia/angry/file_130_3.wav,"[1.0, 0.0, 0.0, 0.0, 0.0, 0.0]"
./casia/angry/file_134_1.wav,"[1.0, 0.0, 0.0, 0.0, 0.0, 0.0]"
./casia/angry/file_134_2.wav,"[1.0, 0.0, 0.0, 0.0, 0.0, 0.0]"
./casia/angry/file_134_3.wav,"[1.0, 0.0, 0.0, 0.0, 0.0, 0.0]"
./casia/angry/file_138_1.wav,"[1.0, 0.0, 0.0, 0.0, 0.0, 0.0]"
./casia/angry/file_138_2.wav,"[1.0, 0.0, 0.0, 0.0, 0.0, 0.0]"
./casia/angry/file_138_3.wav,"[1.0, 0.0, 0.0, 0.0, 0.0, 0.0]"
./casia/angry/file_142_1.wav,"[1.0, 0.0, 0.0, 0.0, 0.0, 0.0]"
./casia/angry/file_142_2.wav,"[1.0, 0.0, 0.0, 0.0, 0.0, 0.0]"
./casia/angry/file_142_3.wav,"[1.0, 0.0, 0.0, 0.0, 0.0, 0.0]"
./casia/angry/file_146_1.wav,"[1.0, 0.0, 0.0, 0.0, 0.0, 0.0]"
./casia/angry/file_146_2.wav,"[1.0, 0.0, 0.0, 0.0, 0.0, 0.0]"
./casia/angry/file_146_3.wav,"[1.0, 0.0, 0.0, 0.0, 0.0, 0.0]"
./casia/angry/file_149_1.wav,"[1.0, 0.0, 0.0, 0.0, 0.0, 0.0]"
./casia/angry/file_149_2.wav,"[1.0, 0.0, 0.0, 0.0, 0.0, 0.0]"
./casia/angry/file_149_3.wav,"[1.0, 0.0, 0.0, 0.0, 0.0, 0.0]"
./casia/angry/file_153_1.wav,"[1.0, 0.0, 0.0, 0.0, 0.0, 0.0]"
./casia/angry/221.wav,"[1.0, 0.0, 0.0, 0.0, 0.0, 0.0]"
./casia/angry/242.wav,"[1.0, 0.0, 0.0, 0.0, 0.0, 0.0]"
./casia/angry/file_111_2.wav,"[1.0, 0.0, 0.0, 0.0, 0.0, 0.0]"
./casia/angry/file_130_2.wav,"[1.0, 0.0, 0.0, 0.0, 0.0, 0.0]"
./casia/angry/file_153_2.wav,"[1.0, 0.0, 0.0, 0.0, 0.0, 0.0]"
./casia/angry/file_176_2.wav,"[1.0, 0.0, 0.0, 0.0, 0.0, 0.0]"
./casia/angry/file_200_2.wav,"[1.0, 0.0, 0.0, 0.0, 0.0, 0.0]"
./casia/angry/file_39_2.wav,"[1.0, 0.0, 0.0, 0.0, 0.0, 0.0]"
./casia/angry/file_58_2.wav,"[1.0, 0.0, 0.0, 0.0, 0.0, 0.0]"
./casia/angry/file_153_3.wav,"[1.0, 0.0, 0.0, 0.0, 0.0, 0.0]"
./casia/angry/file_157_1.wav,"[1.0, 0.0, 0.0, 0.0, 0.0, 0.0]"
./casia/angry/file_157_2.wav,"[1.0, 0.0, 0.0, 0.0, 0.0, 0.0]"
./casia/angry/file_157_3.wav,"[1.0, 0.0, 0.0, 0.0, 0.0, 0.0]"
./casia/angry/file_161_1.wav,"[1.0, 0.0, 0.0, 0.0, 0.0, 0.0]"
./casia/angry/file_161_2.wav,"[1.0, 0.0, 0.0, 0.0, 0.0, 0.0]"
./casia/angry/file_161_3.wav,"[1.0, 0.0, 0.0, 0.0, 0.0, 0.0]"
./casia/angry/file_165_1.wav,"[1.0, 0.0, 0.0, 0.0, 0.0, 0.0]"
./casia/angry/file_165_2.wav,"[1.0, 0.0, 0.0, 0.0, 0.0, 0.0]"
./casia/angry/file_165_3.wav,"[1.0, 0.0, 0.0, 0.0, 0.0, 0.0]"
./casia/angry/file_16_1.wav,"[1.0, 0.0, 0.0, 0.0, 0.0, 0.0]"
./casia/angry/file_16_2.wav,"[1.0, 0.0, 0.0, 0.0, 0.0, 0.0]"
./casia/angry/file_16_3.wav,"[1.0, 0.0, 0.0, 0.0, 0.0, 0.0]"
./casia/angry/file_172_1.wav,"[1.0, 0.0, 0.0, 0.0, 0.0, 0.0]"
./casia/angry/file_172_2.wav,"[1.0, 0.0, 0.0, 0.0, 0.0, 0.0]"
./casia/angry/file_172_3.wav,"[1.0, 0.0, 0.0, 0.0, 0.0, 0.0]"
./casia/angry/file_176_1.wav,"[1.0, 0.0, 0.0, 0.0, 0.0, 0.0]"
./casia/angry/file_176_3.wav,"[1.0, 0.0, 0.0, 0.0, 0.0, 0.0]"
./casia/angry/file_180_1.wav,"[1.0, 0.0, 0.0, 0.0, 0.0, 0.0]"
./casia/angry/file_180_2.wav,"[1.0, 0.0, 0.0, 0.0, 0.0, 0.0]"
./casia/angry/file_180_3.wav,"[1.0, 0.0, 0.0, 0.0, 0.0, 0.0]"
./casia/angry/file_184_1.wav,"[1.0, 0.0, 0.0, 0.0, 0.0, 0.0]"
./casia/angry/file_184_2.wav,"[1.0, 0.0, 0.0, 0.0, 0.0, 0.0]"
./casia/angry/file_184_3.wav,"[1.0, 0.0, 0.0, 0.0, 0.0, 0.0]"
./casia/angry/file_188_1.wav,"[1.0, 0.0, 0.0, 0.0, 0.0, 0.0]"
./casia/angry/file_188_2.wav,"[1.0, 0.0, 0.0, 0.0, 0.0, 0.0]"
./casia/angry/file_188_3.wav,"[1.0, 0.0, 0.0, 0.0, 0.0, 0.0]"
./casia/angry/file_192_1.wav,"[1.0, 0.0, 0.0, 0.0, 0.0, 0.0]"
./casia/angry/file_192_2.wav,"[1.0, 0.0, 0.0, 0.0, 0.0, 0.0]"
./casia/angry/file_192_3.wav,"[1.0, 0.0, 0.0, 0.0, 0.0, 0.0]"
./casia/angry/file_196_1.wav,"[1.0, 0.0, 0.0, 0.0, 0.0, 0.0]"
./casia/angry/file_196_2.wav,"[1.0, 0.0, 0.0, 0.0, 0.0, 0.0]"
./casia/angry/file_196_3.wav,"[1.0, 0.0, 0.0, 0.0, 0.0, 0.0]"
./casia/angry/file_200_1.wav,"[1.0, 0.0, 0.0, 0.0, 0.0, 0.0]"
./casia/angry/file_200_3.wav,"[1.0, 0.0, 0.0, 0.0, 0.0, 0.0]"
./casia/angry/file_20_1.wav,"[1.0, 0.0, 0.0, 0.0, 0.0, 0.0]"
./casia/angry/file_20_2.wav,"[1.0, 0.0, 0.0, 0.0, 0.0, 0.0]"
./casia/angry/file_20_3.wav,"[1.0, 0.0, 0.0, 0.0, 0.0, 0.0]"
./casia/angry/file_23_1.wav,"[1.0, 0.0, 0.0, 0.0, 0.0, 0.0]"
./casia/angry/file_23_2.wav,"[1.0, 0.0, 0.0, 0.0, 0.0, 0.0]"
./casia/angry/file_23_3.wav,"[1.0, 0.0, 0.0, 0.0, 0.0, 0.0]"
./casia/angry/file_27_1.wav,"[1.0, 0.0, 0.0, 0.0, 0.0, 0.0]"
./casia/angry/file_27_2.wav,"[1.0, 0.0, 0.0, 0.0, 0.0, 0.0]"
./casia/angry/file_27_3.wav,"[1.0, 0.0, 0.0, 0.0, 0.0, 0.0]"
./casia/angry/file_31_1.wav,"[1.0, 0.0, 0.0, 0.0, 0.0, 0.0]"
./casia/angry/file_31_2.wav,"[1.0, 0.0, 0.0, 0.0, 0.0, 0.0]"
./casia/angry/file_31_3.wav,"[1.0, 0.0, 0.0, 0.0, 0.0, 0.0]"
./casia/angry/file_35_1.wav,"[1.0, 0.0, 0.0, 0.0, 0.0, 0.0]"
./casia/angry/file_35_2.wav,"[1.0, 0.0, 0.0, 0.0, 0.0, 0.0]"
./casia/angry/file_35_3.wav,"[1.0, 0.0, 0.0, 0.0, 0.0, 0.0]"
./casia/angry/file_39_1.wav,"[1.0, 0.0, 0.0, 0.0, 0.0, 0.0]"
./casia/angry/file_39_3.wav,"[1.0, 0.0, 0.0, 0.0, 0.0, 0.0]"
./casia/angry/file_42_1.wav,"[1.0, 0.0, 0.0, 0.0, 0.0, 0.0]"
./casia/angry/file_42_2.wav,"[1.0, 0.0, 0.0, 0.0, 0.0, 0.0]"
./casia/angry/file_42_3.wav,"[1.0, 0.0, 0.0, 0.0, 0.0, 0.0]"
./casia/angry/file_46_1.wav,"[1.0, 0.0, 0.0, 0.0, 0.0, 0.0]"
./casia/angry/file_46_2.wav,"[1.0, 0.0, 0.0, 0.0, 0.0, 0.0]"
./casia/angry/file_46_3.wav,"[1.0, 0.0, 0.0, 0.0, 0.0, 0.0]"
./casia/angry/file_4_1.wav,"[1.0, 0.0, 0.0, 0.0, 0.0, 0.0]"
./casia/angry/file_4_2.wav,"[1.0, 0.0, 0.0, 0.0, 0.0, 0.0]"
./casia/angry/file_4_3.wav,"[1.0, 0.0, 0.0, 0.0, 0.0, 0.0]"
./casia/angry/file_50_1.wav,"[1.0, 0.0, 0.0, 0.0, 0.0, 0.0]"
./casia/angry/file_50_2.wav,"[1.0, 0.0, 0.0, 0.0, 0.0, 0.0]"
./casia/angry/file_50_3.wav,"[1.0, 0.0, 0.0, 0.0, 0.0, 0.0]"
./casia/angry/file_54_1.wav,"[1.0, 0.0, 0.0, 0.0, 0.0, 0.0]"
./casia/angry/file_54_2.wav,"[1.0, 0.0, 0.0, 0.0, 0.0, 0.0]"
./casia/angry/file_54_3.wav,"[1.0, 0.0, 0.0, 0.0, 0.0, 0.0]"
./casia/angry/file_58_1.wav,"[1.0, 0.0, 0.0, 0.0, 0.0, 0.0]"
./casia/angry/file_58_3.wav,"[1.0, 0.0, 0.0, 0.0, 0.0, 0.0]"
./casia/angry/file_61_1.wav,"[1.0, 0.0, 0.0, 0.0, 0.0, 0.0]"
./casia/angry/file_61_2.wav,"[1.0, 0.0, 0.0, 0.0, 0.0, 0.0]"
./casia/angry/file_61_3.wav,"[1.0, 0.0, 0.0, 0.0, 0.0, 0.0]"
./casia/angry/file_65_1.wav,"[1.0, 0.0, 0.0, 0.0, 0.0, 0.0]"
./casia/angry/file_65_2.wav,"[1.0, 0.0, 0.0, 0.0, 0.0, 0.0]"
./casia/angry/file_65_3.wav,"[1.0, 0.0, 0.0, 0.0, 0.0, 0.0]"
./casia/angry/file_69_1.wav,"[1.0, 0.0, 0.0, 0.0, 0.0, 0.0]"
./casia/angry/file_69_2.wav,"[1.0, 0.0, 0.0, 0.0, 0.0, 0.0]"
./casia/angry/file_69_3.wav,"[1.0, 0.0, 0.0, 0.0, 0.0, 0.0]"
./casia/angry/file_73_1.wav,"[1.0, 0.0, 0.0, 0.0, 0.0, 0.0]"
./casia/angry/file_73_2.wav,"[1.0, 0.0, 0.0, 0.0, 0.0, 0.0]"
./casia/angry/file_73_3.wav,"[1.0, 0.0, 0.0, 0.0, 0.0, 0.0]"
./casia/angry/file_77_1.wav,"[1.0, 0.0, 0.0, 0.0, 0.0, 0.0]"
./casia/angry/file_77_2.wav,"[1.0, 0.0, 0.0, 0.0, 0.0, 0.0]"
./casia/angry/file_77_3.wav,"[1.0, 0.0, 0.0, 0.0, 0.0, 0.0]"
./casia/angry/file_84_1.wav,"[1.0, 0.0, 0.0, 0.0, 0.0, 0.0]"
./casia/angry/file_84_2.wav,"[1.0, 0.0, 0.0, 0.0, 0.0, 0.0]"
./casia/angry/file_84_3.wav,"[1.0, 0.0, 0.0, 0.0, 0.0, 0.0]"
./casia/angry/file_88_1.wav,"[1.0, 0.0, 0.0, 0.0, 0.0, 0.0]"
./casia/angry/file_88_2.wav,"[1.0, 0.0, 0.0, 0.0, 0.0, 0.0]"
./casia/angry/file_88_3.wav,"[1.0, 0.0, 0.0, 0.0, 0.0, 0.0]"
./casia/angry/file_8_1.wav,"[1.0, 0.0, 0.0, 0.0, 0.0, 0.0]"
./casia/angry/file_8_2.wav,"[1.0, 0.0, 0.0, 0.0, 0.0, 0.0]"
./casia/angry/file_8_3.wav,"[1.0, 0.0, 0.0, 0.0, 0.0, 0.0]"
./casia/angry/file_92_1.wav,"[1.0, 0.0, 0.0, 0.0, 0.0, 0.0]"
./casia/angry/file_92_2.wav,"[1.0, 0.0, 0.0, 0.0, 0.0, 0.0]"
./casia/angry/file_92_3.wav,"[1.0, 0.0, 0.0, 0.0, 0.0, 0.0]"
./casia/angry/file_96_1.wav,"[1.0, 0.0, 0.0, 0.0, 0.0, 0.0]"
./casia/angry/file_96_2.wav,"[1.0, 0.0, 0.0, 0.0, 0.0, 0.0]"
./casia/angry/file_96_3.wav,"[1.0, 0.0, 0.0, 0.0, 0.0, 0.0]"
./casia/fear/201.wav,"[0.0, 1.0, 0.0, 0.0, 0.0, 0.0]"
./casia/fear/202.wav,"[0.0, 1.0, 0.0, 0.0, 0.0, 0.0]"
./casia/fear/203.wav,"[0.0, 1.0, 0.0, 0.0, 0.0, 0.0]"
./casia/fear/204.wav,"[0.0, 1.0, 0.0, 0.0, 0.0, 0.0]"
./casia/fear/205.wav,"[0.0, 1.0, 0.0, 0.0, 0.0, 0.0]"
./casia/fear/206.wav,"[0.0, 1.0, 0.0, 0.0, 0.0, 0.0]"
./casia/fear/207.wav,"[0.0, 1.0, 0.0, 0.0, 0.0, 0.0]"
./casia/fear/208.wav,"[0.0, 1.0, 0.0, 0.0, 0.0, 0.0]"
./casia/fear/209.wav,"[0.0, 1.0, 0.0, 0.0, 0.0, 0.0]"
./casia/fear/210.wav,"[0.0, 1.0, 0.0, 0.0, 0.0, 0.0]"
./casia/fear/211.wav,"[0.0, 1.0, 0.0, 0.0, 0.0, 0.0]"
./casia/fear/212.wav,"[0.0, 1.0, 0.0, 0.0, 0.0, 0.0]"
./casia/fear/213.wav,"[0.0, 1.0, 0.0, 0.0, 0.0, 0.0]"
./casia/fear/214.wav,"[0.0, 1.0, 0.0, 0.0, 0.0, 0.0]"
./casia/fear/215.wav,"[0.0, 1.0, 0.0, 0.0, 0.0, 0.0]"
./casia/fear/216.wav,"[0.0, 1.0, 0.0, 0.0, 0.0, 0.0]"
./casia/fear/217.wav,"[0.0, 1.0, 0.0, 0.0, 0.0, 0.0]"
./casia/fear/218.wav,"[0.0, 1.0, 0.0, 0.0, 0.0, 0.0]"
./casia/fear/219.wav,"[0.0, 1.0, 0.0, 0.0, 0.0, 0.0]"
./casia/fear/220.wav,"[0.0, 1.0, 0.0, 0.0, 0.0, 0.0]"
./casia/fear/222.wav,"[0.0, 1.0, 0.0, 0.0, 0.0, 0.0]"
./casia/fear/223.wav,"[0.0, 1.0, 0.0, 0.0, 0.0, 0.0]"
./casia/fear/224.wav,"[0.0, 1.0, 0.0, 0.0, 0.0, 0.0]"
./casia/fear/225.wav,"[0.0, 1.0, 0.0, 0.0, 0.0, 0.0]"
./casia/fear/226.wav,"[0.0, 1.0, 0.0, 0.0, 0.0, 0.0]"
./casia/fear/227.wav,"[0.0, 1.0, 0.0, 0.0, 0.0, 0.0]"
./casia/fear/228.wav,"[0.0, 1.0, 0.0, 0.0, 0.0, 0.0]"
./casia/fear/229.wav,"[0.0, 1.0, 0.0, 0.0, 0.0, 0.0]"
./casia/fear/230.wav,"[0.0, 1.0, 0.0, 0.0, 0.0, 0.0]"
./casia/fear/231.wav,"[0.0, 1.0, 0.0, 0.0, 0.0, 0.0]"
./casia/fear/232.wav,"[0.0, 1.0, 0.0, 0.0, 0.0, 0.0]"
./casia/fear/233.wav,"[0.0, 1.0, 0.0, 0.0, 0.0, 0.0]"
./casia/fear/234.wav,"[0.0, 1.0, 0.0, 0.0, 0.0, 0.0]"
./casia/fear/235.wav,"[0.0, 1.0, 0.0, 0.0, 0.0, 0.0]"
./casia/fear/236.wav,"[0.0, 1.0, 0.0, 0.0, 0.0, 0.0]"
./casia/fear/237.wav,"[0.0, 1.0, 0.0, 0.0, 0.0, 0.0]"
./casia/fear/238.wav,"[0.0, 1.0, 0.0, 0.0, 0.0, 0.0]"
./casia/fear/239.wav,"[0.0, 1.0, 0.0, 0.0, 0.0, 0.0]"
./casia/fear/240.wav,"[0.0, 1.0, 0.0, 0.0, 0.0, 0.0]"
./casia/fear/241.wav,"[0.0, 1.0, 0.0, 0.0, 0.0, 0.0]"
./casia/fear/243.wav,"[0.0, 1.0, 0.0, 0.0, 0.0, 0.0]"
./casia/fear/244.wav,"[0.0, 1.0, 0.0, 0.0, 0.0, 0.0]"
./casia/fear/245.wav,"[0.0, 1.0, 0.0, 0.0, 0.0, 0.0]"
./casia/fear/246.wav,"[0.0, 1.0, 0.0, 0.0, 0.0, 0.0]"
./casia/fear/247.wav,"[0.0, 1.0, 0.0, 0.0, 0.0, 0.0]"
./casia/fear/248.wav,"[0.0, 1.0, 0.0, 0.0, 0.0, 0.0]"
./casia/fear/249.wav,"[0.0, 1.0, 0.0, 0.0, 0.0, 0.0]"
./casia/fear/250.wav,"[0.0, 1.0, 0.0, 0.0, 0.0, 0.0]"
./casia/fear/file_100_1.wav,"[0.0, 1.0, 0.0, 0.0, 0.0, 0.0]"
./casia/fear/file_100_2.wav,"[0.0, 1.0, 0.0, 0.0, 0.0, 0.0]"
./casia/fear/file_100_3.wav,"[0.0, 1.0, 0.0, 0.0, 0.0, 0.0]"
./casia/fear/file_104_1.wav,"[0.0, 1.0, 0.0, 0.0, 0.0, 0.0]"
./casia/fear/file_104_2.wav,"[0.0, 1.0, 0.0, 0.0, 0.0, 0.0]"
./casia/fear/file_104_3.wav,"[0.0, 1.0, 0.0, 0.0, 0.0, 0.0]"
./casia/fear/file_108_1.wav,"[0.0, 1.0, 0.0, 0.0, 0.0, 0.0]"
./casia/fear/file_108_2.wav,"[0.0, 1.0, 0.0, 0.0, 0.0, 0.0]"
./casia/fear/file_108_3.wav,"[0.0, 1.0, 0.0, 0.0, 0.0, 0.0]"
./casia/fear/file_111_1.wav,"[0.0, 1.0, 0.0, 0.0, 0.0, 0.0]"
./casia/fear/file_111_3.wav,"[0.0, 1.0, 0.0, 0.0, 0.0, 0.0]"
./casia/fear/file_115_1.wav,"[0.0, 1.0, 0.0, 0.0, 0.0, 0.0]"
./casia/fear/file_115_2.wav,"[0.0, 1.0, 0.0, 0.0, 0.0, 0.0]"
./casia/fear/file_115_3.wav,"[0.0, 1.0, 0.0, 0.0, 0.0, 0.0]"
./casia/fear/file_119_1.wav,"[0.0, 1.0, 0.0, 0.0, 0.0, 0.0]"
./casia/fear/file_119_2.wav,"[0.0, 1.0, 0.0, 0.0, 0.0, 0.0]"
./casia/fear/file_119_3.wav,"[0.0, 1.0, 0.0, 0.0, 0.0, 0.0]"
./casia/fear/file_123_1.wav,"[0.0, 1.0, 0.0, 0.0, 0.0, 0.0]"
./casia/fear/file_123_2.wav,"[0.0, 1.0, 0.0, 0.0, 0.0, 0.0]"
./casia/fear/file_123_3.wav,"[0.0, 1.0, 0.0, 0.0, 0.0, 0.0]"
./casia/fear/file_127_1.wav,"[0.0, 1.0, 0.0, 0.0, 0.0, 0.0]"
./casia/fear/file_127_2.wav,"[0.0, 1.0, 0.0, 0.0, 0.0, 0.0]"
./casia/fear/file_127_3.wav,"[0.0, 1.0, 0.0, 0.0, 0.0, 0.0]"
./casia/fear/file_12_1.wav,"[0.0, 1.0, 0.0, 0.0, 0.0, 0.0]"
./casia/fear/file_12_2.wav,"[0.0, 1.0, 0.0, 0.0, 0.0, 0.0]"
./casia/fear/file_12_3.wav,"[0.0, 1.0, 0.0, 0.0, 0.0, 0.0]"
./casia/fear/file_130_1.wav,"[0.0, 1.0, 0.0, 0.0, 0.0, 0.0]"
./casia/fear/file_130_3.wav,"[0.0, 1.0, 0.0, 0.0, 0.0, 0.0]"
./casia/fear/file_134_1.wav,"[0.0, 1.0, 0.0, 0.0, 0.0, 0.0]"
./casia/fear/file_134_2.wav,"[0.0, 1.0, 0.0, 0.0, 0.0, 0.0]"
./casia/fear/file_134_3.wav,"[0.0, 1.0, 0.0, 0.0, 0.0, 0.0]"
./casia/fear/file_138_1.wav,"[0.0, 1.0, 0.0, 0.0, 0.0, 0.0]"
./casia/fear/file_138_2.wav,"[0.0, 1.0, 0.0, 0.0, 0.0, 0.0]"
./casia/fear/file_138_3.wav,"[0.0, 1.0, 0.0, 0.0, 0.0, 0.0]"
./casia/fear/file_142_1.wav,"[0.0, 1.0, 0.0, 0.0, 0.0, 0.0]"
./casia/fear/file_142_2.wav,"[0.0, 1.0, 0.0, 0.0, 0.0, 0.0]"
./casia/fear/file_142_3.wav,"[0.0, 1.0, 0.0, 0.0, 0.0, 0.0]"
./casia/fear/file_146_1.wav,"[0.0, 1.0, 0.0, 0.0, 0.0, 0.0]"
./casia/fear/file_146_2.wav,"[0.0, 1.0, 0.0, 0.0, 0.0, 0.0]"
./casia/fear/file_146_3.wav,"[0.0, 1.0, 0.0, 0.0, 0.0, 0.0]"
./casia/fear/file_149_1.wav,"[0.0, 1.0, 0.0, 0.0, 0.0, 0.0]"
./casia/fear/file_149_2.wav,"[0.0, 1.0, 0.0, 0.0, 0.0, 0.0]"
./casia/fear/file_149_3.wav,"[0.0, 1.0, 0.0, 0.0, 0.0, 0.0]"
./casia/fear/file_153_1.wav,"[0.0, 1.0, 0.0, 0.0, 0.0, 0.0]"
./casia/fear/221.wav,"[0.0, 1.0, 0.0, 0.0, 0.0, 0.0]"
./casia/fear/242.wav,"[0.0, 1.0, 0.0, 0.0, 0.0, 0.0]"
./casia/fear/file_111_2.wav,"[0.0, 1.0, 0.0, 0.0, 0.0, 0.0]"
./casia/fear/file_130_2.wav,"[0.0, 1.0, 0.0, 0.0, 0.0, 0.0]"
./casia/fear/file_153_2.wav,"[0.0, 1.0, 0.0, 0.0, 0.0, 0.0]"
./casia/fear/file_176_2.wav,"[0.0, 1.0, 0.0, 0.0, 0.0, 0.0]"
./casia/fear/file_200_2.wav,"[0.0, 1.0, 0.0, 0.0, 0.0, 0.0]"
./casia/fear/file_39_2.wav,"[0.0, 1.0, 0.0, 0.0, 0.0, 0.0]"
./casia/fear/file_58_2.wav,"[0.0, 1.0, 0.0, 0.0, 0.0, 0.0]"
./casia/fear/file_153_3.wav,"[0.0, 1.0, 0.0, 0.0, 0.0, 0.0]"
./casia/fear/file_157_1.wav,"[0.0, 1.0, 0.0, 0.0, 0.0, 0.0]"
./casia/fear/file_157_2.wav,"[0.0, 1.0, 0.0, 0.0, 0.0, 0.0]"
./casia/fear/file_157_3.wav,"[0.0, 1.0, 0.0, 0.0, 0.0, 0.0]"
./casia/fear/file_161_1.wav,"[0.0, 1.0, 0.0, 0.0, 0.0, 0.0]"
./casia/fear/file_161_2.wav,"[0.0, 1.0, 0.0, 0.0, 0.0, 0.0]"
./casia/fear/file_161_3.wav,"[0.0, 1.0, 0.0, 0.0, 0.0, 0.0]"
./casia/fear/file_165_1.wav,"[0.0, 1.0, 0.0, 0.0, 0.0, 0.0]"
./casia/fear/file_165_2.wav,"[0.0, 1.0, 0.0, 0.0, 0.0, 0.0]"
./casia/fear/file_165_3.wav,"[0.0, 1.0, 0.0, 0.0, 0.0, 0.0]"
./casia/fear/file_16_1.wav,"[0.0, 1.0, 0.0, 0.0, 0.0, 0.0]"
./casia/fear/file_16_2.wav,"[0.0, 1.0, 0.0, 0.0, 0.0, 0.0]"
./casia/fear/file_16_3.wav,"[0.0, 1.0, 0.0, 0.0, 0.0, 0.0]"
./casia/fear/file_172_1.wav,"[0.0, 1.0, 0.0, 0.0, 0.0, 0.0]"
./casia/fear/file_172_2.wav,"[0.0, 1.0, 0.0, 0.0, 0.0, 0.0]"
./casia/fear/file_172_3.wav,"[0.0, 1.0, 0.0, 0.0, 0.0, 0.0]"
./casia/fear/file_176_1.wav,"[0.0, 1.0, 0.0, 0.0, 0.0, 0.0]"
./casia/fear/file_176_3.wav,"[0.0, 1.0, 0.0, 0.0, 0.0, 0.0]"
./casia/fear/file_180_1.wav,"[0.0, 1.0, 0.0, 0.0, 0.0, 0.0]"
./casia/fear/file_180_2.wav,"[0.0, 1.0, 0.0, 0.0, 0.0, 0.0]"
./casia/fear/file_180_3.wav,"[0.0, 1.0, 0.0, 0.0, 0.0, 0.0]"
./casia/fear/file_184_1.wav,"[0.0, 1.0, 0.0, 0.0, 0.0, 0.0]"
./casia/fear/file_184_2.wav,"[0.0, 1.0, 0.0, 0.0, 0.0, 0.0]"
./casia/fear/file_184_3.wav,"[0.0, 1.0, 0.0, 0.0, 0.0, 0.0]"
./casia/fear/file_188_1.wav,"[0.0, 1.0, 0.0, 0.0, 0.0, 0.0]"
./casia/fear/file_188_2.wav,"[0.0, 1.0, 0.0, 0.0, 0.0, 0.0]"
./casia/fear/file_188_3.wav,"[0.0, 1.0, 0.0, 0.0, 0.0, 0.0]"
./casia/fear/file_192_1.wav,"[0.0, 1.0, 0.0, 0.0, 0.0, 0.0]"
./casia/fear/file_192_2.wav,"[0.0, 1.0, 0.0, 0.0, 0.0, 0.0]"
./casia/fear/file_192_3.wav,"[0.0, 1.0, 0.0, 0.0, 0.0, 0.0]"
./casia/fear/file_196_1.wav,"[0.0, 1.0, 0.0, 0.0, 0.0, 0.0]"
./casia/fear/file_196_2.wav,"[0.0, 1.0, 0.0, 0.0, 0.0, 0.0]"
./casia/fear/file_196_3.wav,"[0.0, 1.0, 0.0, 0.0, 0.0, 0.0]"
./casia/fear/file_200_1.wav,"[0.0, 1.0, 0.0, 0.0, 0.0, 0.0]"
./casia/fear/file_200_3.wav,"[0.0, 1.0, 0.0, 0.0, 0.0, 0.0]"
./casia/fear/file_20_1.wav,"[0.0, 1.0, 0.0, 0.0, 0.0, 0.0]"
./casia/fear/file_20_2.wav,"[0.0, 1.0, 0.0, 0.0, 0.0, 0.0]"
./casia/fear/file_20_3.wav,"[0.0, 1.0, 0.0, 0.0, 0.0, 0.0]"
./casia/fear/file_23_1.wav,"[0.0, 1.0, 0.0, 0.0, 0.0, 0.0]"
./casia/fear/file_23_2.wav,"[0.0, 1.0, 0.0, 0.0, 0.0, 0.0]"
./casia/fear/file_23_3.wav,"[0.0, 1.0, 0.0, 0.0, 0.0, 0.0]"
./casia/fear/file_27_1.wav,"[0.0, 1.0, 0.0, 0.0, 0.0, 0.0]"
./casia/fear/file_27_2.wav,"[0.0, 1.0, 0.0, 0.0, 0.0, 0.0]"
./casia/fear/file_27_3.wav,"[0.0, 1.0, 0.0, 0.0, 0.0, 0.0]"
./casia/fear/file_31_1.wav,"[0.0, 1.0, 0.0, 0.0, 0.0, 0.0]"
./casia/fear/file_31_2.wav,"[0.0, 1.0, 0.0, 0.0, 0.0, 0.0]"
./casia/fear/file_31_3.wav,"[0.0, 1.0, 0.0, 0.0, 0.0, 0.0]"
./casia/fear/file_35_1.wav,"[0.0, 1.0, 0.0, 0.0, 0.0, 0.0]"
./casia/fear/file_35_2.wav,"[0.0, 1.0, 0.0, 0.0, 0.0, 0.0]"
./casia/fear/file_35_3.wav,"[0.0, 1.0, 0.0, 0.0, 0.0, 0.0]"
./casia/fear/file_39_1.wav,"[0.0, 1.0, 0.0, 0.0, 0.0, 0.0]"
./casia/fear/file_39_3.wav,"[0.0, 1.0, 0.0, 0.0, 0.0, 0.0]"
./casia/fear/file_42_1.wav,"[0.0, 1.0, 0.0, 0.0, 0.0, 0.0]"
./casia/fear/file_42_2.wav,"[0.0, 1.0, 0.0, 0.0, 0.0, 0.0]"
./casia/fear/file_42_3.wav,"[0.0, 1.0, 0.0, 0.0, 0.0, 0.0]"
./casia/fear/file_46_1.wav,"[0.0, 1.0, 0.0, 0.0, 0.0, 0.0]"
./casia/fear/file_46_2.wav,"[0.0, 1.0, 0.0, 0.0, 0.0, 0.0]"
./casia/fear/file_46_3.wav,"[0.0, 1.0, 0.0, 0.0, 0.0, 0.0]"
./casia/fear/file_4_1.wav,"[0.0, 1.0, 0.0, 0.0, 0.0, 0.0]"
./casia/fear/file_4_2.wav,"[0.0, 1.0, 0.0, 0.0, 0.0, 0.0]"
./casia/fear/file_4_3.wav,"[0.0, 1.0, 0.0, 0.0, 0.0, 0.0]"
./casia/fear/file_50_1.wav,"[0.0, 1.0, 0.0, 0.0, 0.0, 0.0]"
./casia/fear/file_50_2.wav,"[0.0, 1.0, 0.0, 0.0, 0.0, 0.0]"
./casia/fear/file_50_3.wav,"[0.0, 1.0, 0.0, 0.0, 0.0, 0.0]"
./casia/fear/file_54_1.wav,"[0.0, 1.0, 0.0, 0.0, 0.0, 0.0]"
./casia/fear/file_54_2.wav,"[0.0, 1.0, 0.0, 0.0, 0.0, 0.0]"
./casia/fear/file_54_3.wav,"[0.0, 1.0, 0.0, 0.0, 0.0, 0.0]"
./casia/fear/file_58_1.wav,"[0.0, 1.0, 0.0, 0.0, 0.0, 0.0]"
./casia/fear/file_58_3.wav,"[0.0, 1.0, 0.0, 0.0, 0.0, 0.0]"
./casia/fear/file_61_1.wav,"[0.0, 1.0, 0.0, 0.0, 0.0, 0.0]"
./casia/fear/file_61_2.wav,"[0.0, 1.0, 0.0, 0.0, 0.0, 0.0]"
./casia/fear/file_61_3.wav,"[0.0, 1.0, 0.0, 0.0, 0.0, 0.0]"
./casia/fear/file_65_1.wav,"[0.0, 1.0, 0.0, 0.0, 0.0, 0.0]"
./casia/fear/file_65_2.wav,"[0.0, 1.0, 0.0, 0.0, 0.0, 0.0]"
./casia/fear/file_65_3.wav,"[0.0, 1.0, 0.0, 0.0, 0.0, 0.0]"
./casia/fear/file_69_1.wav,"[0.0, 1.0, 0.0, 0.0, 0.0, 0.0]"
./casia/fear/file_69_2.wav,"[0.0, 1.0, 0.0, 0.0, 0.0, 0.0]"
./casia/fear/file_69_3.wav,"[0.0, 1.0, 0.0, 0.0, 0.0, 0.0]"
./casia/fear/file_73_1.wav,"[0.0, 1.0, 0.0, 0.0, 0.0, 0.0]"
./casia/fear/file_73_2.wav,"[0.0, 1.0, 0.0, 0.0, 0.0, 0.0]"
./casia/fear/file_73_3.wav,"[0.0, 1.0, 0.0, 0.0, 0.0, 0.0]"
./casia/fear/file_77_1.wav,"[0.0, 1.0, 0.0, 0.0, 0.0, 0.0]"
./casia/fear/file_77_2.wav,"[0.0, 1.0, 0.0, 0.0, 0.0, 0.0]"
./casia/fear/file_77_3.wav,"[0.0, 1.0, 0.0, 0.0, 0.0, 0.0]"
./casia/fear/file_84_1.wav,"[0.0, 1.0, 0.0, 0.0, 0.0, 0.0]"
./casia/fear/file_84_2.wav,"[0.0, 1.0, 0.0, 0.0, 0.0, 0.0]"
./casia/fear/file_84_3.wav,"[0.0, 1.0, 0.0, 0.0, 0.0, 0.0]"
./casia/fear/file_88_1.wav,"[0.0, 1.0, 0.0, 0.0, 0.0, 0.0]"
./casia/fear/file_88_2.wav,"[0.0, 1.0, 0.0, 0.0, 0.0, 0.0]"
./casia/fear/file_88_3.wav,"[0.0, 1.0, 0.0, 0.0, 0.0, 0.0]"
./casia/fear/file_8_1.wav,"[0.0, 1.0, 0.0, 0.0, 0.0, 0.0]"
./casia/fear/file_8_2.wav,"[0.0, 1.0, 0.0, 0.0, 0.0, 0.0]"
./casia/fear/file_8_3.wav,"[0.0, 1.0, 0.0, 0.0, 0.0, 0.0]"
./casia/fear/file_92_1.wav,"[0.0, 1.0, 0.0, 0.0, 0.0, 0.0]"
./casia/fear/file_92_2.wav,"[0.0, 1.0, 0.0, 0.0, 0.0, 0.0]"
./casia/fear/file_92_3.wav,"[0.0, 1.0, 0.0, 0.0, 0.0, 0.0]"
./casia/fear/file_96_1.wav,"[0.0, 1.0, 0.0, 0.0, 0.0, 0.0]"
./casia/fear/file_96_2.wav,"[0.0, 1.0, 0.0, 0.0, 0.0, 0.0]"
./casia/fear/file_96_3.wav,"[0.0, 1.0, 0.0, 0.0, 0.0, 0.0]"
./casia/happy/201.wav,"[0.0, 0.0, 1.0, 0.0, 0.0, 0.0]"
./casia/happy/202.wav,"[0.0, 0.0, 1.0, 0.0, 0.0, 0.0]"
./casia/happy/203.wav,"[0.0, 0.0, 1.0, 0.0, 0.0, 0.0]"
./casia/happy/204.wav,"[0.0, 0.0, 1.0, 0.0, 0.0, 0.0]"
./casia/happy/205.wav,"[0.0, 0.0, 1.0, 0.0, 0.0, 0.0]"
./casia/happy/206.wav,"[0.0, 0.0, 1.0, 0.0, 0.0, 0.0]"
./casia/happy/207.wav,"[0.0, 0.0, 1.0, 0.0, 0.0, 0.0]"
./casia/happy/208.wav,"[0.0, 0.0, 1.0, 0.0, 0.0, 0.0]"
./casia/happy/209.wav,"[0.0, 0.0, 1.0, 0.0, 0.0, 0.0]"
./casia/happy/210.wav,"[0.0, 0.0, 1.0, 0.0, 0.0, 0.0]"
./casia/happy/211.wav,"[0.0, 0.0, 1.0, 0.0, 0.0, 0.0]"
./casia/happy/212.wav,"[0.0, 0.0, 1.0, 0.0, 0.0, 0.0]"
./casia/happy/213.wav,"[0.0, 0.0, 1.0, 0.0, 0.0, 0.0]"
./casia/happy/214.wav,"[0.0, 0.0, 1.0, 0.0, 0.0, 0.0]"
./casia/happy/215.wav,"[0.0, 0.0, 1.0, 0.0, 0.0, 0.0]"
./casia/happy/216.wav,"[0.0, 0.0, 1.0, 0.0, 0.0, 0.0]"
./casia/happy/217.wav,"[0.0, 0.0, 1.0, 0.0, 0.0, 0.0]"
./casia/happy/218.wav,"[0.0, 0.0, 1.0, 0.0, 0.0, 0.0]"
./casia/happy/219.wav,"[0.0, 0.0, 1.0, 0.0, 0.0, 0.0]"
./casia/happy/220.wav,"[0.0, 0.0, 1.0, 0.0, 0.0, 0.0]"
./casia/happy/222.wav,"[0.0, 0.0, 1.0, 0.0, 0.0, 0.0]"
./casia/happy/223.wav,"[0.0, 0.0, 1.0, 0.0, 0.0, 0.0]"
./casia/happy/224.wav,"[0.0, 0.0, 1.0, 0.0, 0.0, 0.0]"
./casia/happy/225.wav,"[0.0, 0.0, 1.0, 0.0, 0.0, 0.0]"
./casia/happy/226.wav,"[0.0, 0.0, 1.0, 0.0, 0.0, 0.0]"
./casia/happy/227.wav,"[0.0, 0.0, 1.0, 0.0, 0.0, 0.0]"
./casia/happy/228.wav,"[0.0, 0.0, 1.0, 0.0, 0.0, 0.0]"
./casia/happy/229.wav,"[0.0, 0.0, 1.0, 0.0, 0.0, 0.0]"
./casia/happy/230.wav,"[0.0, 0.0, 1.0, 0.0, 0.0, 0.0]"
./casia/happy/231.wav,"[0.0, 0.0, 1.0, 0.0, 0.0, 0.0]"
./casia/happy/232.wav,"[0.0, 0.0, 1.0, 0.0, 0.0, 0.0]"
./casia/happy/233.wav,"[0.0, 0.0, 1.0, 0.0, 0.0, 0.0]"
./casia/happy/234.wav,"[0.0, 0.0, 1.0, 0.0, 0.0, 0.0]"
./casia/happy/235.wav,"[0.0, 0.0, 1.0, 0.0, 0.0, 0.0]"
./casia/happy/236.wav,"[0.0, 0.0, 1.0, 0.0, 0.0, 0.0]"
./casia/happy/237.wav,"[0.0, 0.0, 1.0, 0.0, 0.0, 0.0]"
./casia/happy/238.wav,"[0.0, 0.0, 1.0, 0.0, 0.0, 0.0]"
./casia/happy/239.wav,"[0.0, 0.0, 1.0, 0.0, 0.0, 0.0]"
./casia/happy/240.wav,"[0.0, 0.0, 1.0, 0.0, 0.0, 0.0]"
./casia/happy/241.wav,"[0.0, 0.0, 1.0, 0.0, 0.0, 0.0]"
./casia/happy/243.wav,"[0.0, 0.0, 1.0, 0.0, 0.0, 0.0]"
./casia/happy/244.wav,"[0.0, 0.0, 1.0, 0.0, 0.0, 0.0]"
./casia/happy/245.wav,"[0.0, 0.0, 1.0, 0.0, 0.0, 0.0]"
./casia/happy/246.wav,"[0.0, 0.0, 1.0, 0.0, 0.0, 0.0]"
./casia/happy/247.wav,"[0.0, 0.0, 1.0, 0.0, 0.0, 0.0]"
./casia/happy/248.wav,"[0.0, 0.0, 1.0, 0.0, 0.0, 0.0]"
./casia/happy/249.wav,"[0.0, 0.0, 1.0, 0.0, 0.0, 0.0]"
./casia/happy/250.wav,"[0.0, 0.0, 1.0, 0.0, 0.0, 0.0]"
./casia/happy/file_100_1.wav,"[0.0, 0.0, 1.0, 0.0, 0.0, 0.0]"
./casia/happy/file_100_2.wav,"[0.0, 0.0, 1.0, 0.0, 0.0, 0.0]"
./casia/happy/file_100_3.wav,"[0.0, 0.0, 1.0, 0.0, 0.0, 0.0]"
./casia/happy/file_104_1.wav,"[0.0, 0.0, 1.0, 0.0, 0.0, 0.0]"
./casia/happy/file_104_2.wav,"[0.0, 0.0, 1.0, 0.0, 0.0, 0.0]"
./casia/happy/file_104_3.wav,"[0.0, 0.0, 1.0, 0.0, 0.0, 0.0]"
./casia/happy/file_108_1.wav,"[0.0, 0.0, 1.0, 0.0, 0.0, 0.0]"
./casia/happy/file_108_2.wav,"[0.0, 0.0, 1.0, 0.0, 0.0, 0.0]"
./casia/happy/file_108_3.wav,"[0.0, 0.0, 1.0, 0.0, 0.0, 0.0]"
./casia/happy/file_111_1.wav,"[0.0, 0.0, 1.0, 0.0, 0.0, 0.0]"
./casia/happy/file_111_3.wav,"[0.0, 0.0, 1.0, 0.0, 0.0, 0.0]"
./casia/happy/file_115_1.wav,"[0.0, 0.0, 1.0, 0.0, 0.0, 0.0]"
./casia/happy/file_115_2.wav,"[0.0, 0.0, 1.0, 0.0, 0.0, 0.0]"
./casia/happy/file_115_3.wav,"[0.0, 0.0, 1.0, 0.0, 0.0, 0.0]"
./casia/happy/file_119_1.wav,"[0.0, 0.0, 1.0, 0.0, 0.0, 0.0]"
./casia/happy/file_119_2.wav,"[0.0, 0.0, 1.0, 0.0, 0.0, 0.0]"
./casia/happy/file_119_3.wav,"[0.0, 0.0, 1.0, 0.0, 0.0, 0.0]"
./casia/happy/file_123_1.wav,"[0.0, 0.0, 1.0, 0.0, 0.0, 0.0]"
./casia/happy/file_123_2.wav,"[0.0, 0.0, 1.0, 0.0, 0.0, 0.0]"
./casia/happy/file_123_3.wav,"[0.0, 0.0, 1.0, 0.0, 0.0, 0.0]"
./casia/happy/file_127_1.wav,"[0.0, 0.0, 1.0, 0.0, 0.0, 0.0]"
./casia/happy/file_127_2.wav,"[0.0, 0.0, 1.0, 0.0, 0.0, 0.0]"
./casia/happy/file_127_3.wav,"[0.0, 0.0, 1.0, 0.0, 0.0, 0.0]"
./casia/happy/file_12_1.wav,"[0.0, 0.0, 1.0, 0.0, 0.0, 0.0]"
./casia/happy/file_12_2.wav,"[0.0, 0.0, 1.0, 0.0, 0.0, 0.0]"
./casia/happy/file_12_3.wav,"[0.0, 0.0, 1.0, 0.0, 0.0, 0.0]"
./casia/happy/file_130_1.wav,"[0.0, 0.0, 1.0, 0.0, 0.0, 0.0]"
./casia/happy/file_130_3.wav,"[0.0, 0.0, 1.0, 0.0, 0.0, 0.0]"
./casia/happy/file_134_1.wav,"[0.0, 0.0, 1.0, 0.0, 0.0, 0.0]"
./casia/happy/file_134_2.wav,"[0.0, 0.0, 1.0, 0.0, 0.0, 0.0]"
./casia/happy/file_134_3.wav,"[0.0, 0.0, 1.0, 0.0, 0.0, 0.0]"
./casia/happy/file_138_1.wav,"[0.0, 0.0, 1.0, 0.0, 0.0, 0.0]"
./casia/happy/file_138_2.wav,"[0.0, 0.0, 1.0, 0.0, 0.0, 0.0]"
./casia/happy/file_138_3.wav,"[0.0, 0.0, 1.0, 0.0, 0.0, 0.0]"
./casia/happy/file_142_1.wav,"[0.0, 0.0, 1.0, 0.0, 0.0, 0.0]"
./casia/happy/file_142_2.wav,"[0.0, 0.0, 1.0, 0.0, 0.0, 0.0]"
./casia/happy/file_142_3.wav,"[0.0, 0.0, 1.0, 0.0, 0.0, 0.0]"
./casia/happy/file_146_1.wav,"[0.0, 0.0, 1.0, 0.0, 0.0, 0.0]"
./casia/happy/file_146_2.wav,"[0.0, 0.0, 1.0, 0.0, 0.0, 0.0]"
./casia/happy/file_146_3.wav,"[0.0, 0.0, 1.0, 0.0, 0.0, 0.0]"
./casia/happy/file_149_1.wav,"[0.0, 0.0, 1.0, 0.0, 0.0, 0.0]"
./casia/happy/file_149_2.wav,"[0.0, 0.0, 1.0, 0.0, 0.0, 0.0]"
./casia/happy/file_149_3.wav,"[0.0, 0.0, 1.0, 0.0, 0.0, 0.0]"
./casia/happy/file_153_1.wav,"[0.0, 0.0, 1.0, 0.0, 0.0, 0.0]"
./casia/happy/221.wav,"[0.0, 0.0, 1.0, 0.0, 0.0, 0.0]"
./casia/happy/242.wav,"[0.0, 0.0, 1.0, 0.0, 0.0, 0.0]"
./casia/happy/file_111_2.wav,"[0.0, 0.0, 1.0, 0.0, 0.0, 0.0]"
./casia/happy/file_130_2.wav,"[0.0, 0.0, 1.0, 0.0, 0.0, 0.0]"
./casia/happy/file_153_2.wav,"[0.0, 0.0, 1.0, 0.0, 0.0, 0.0]"
./casia/happy/file_176_2.wav,"[0.0, 0.0, 1.0, 0.0, 0.0, 0.0]"
./casia/happy/file_200_2.wav,"[0.0, 0.0, 1.0, 0.0, 0.0, 0.0]"
./casia/happy/file_39_2.wav,"[0.0, 0.0, 1.0, 0.0, 0.0, 0.0]"
./casia/happy/file_58_2.wav,"[0.0, 0.0, 1.0, 0.0, 0.0, 0.0]"
./casia/happy/file_153_3.wav,"[0.0, 0.0, 1.0, 0.0, 0.0, 0.0]"
./casia/happy/file_157_1.wav,"[0.0, 0.0, 1.0, 0.0, 0.0, 0.0]"
./casia/happy/file_157_2.wav,"[0.0, 0.0, 1.0, 0.0, 0.0, 0.0]"
./casia/happy/file_157_3.wav,"[0.0, 0.0, 1.0, 0.0, 0.0, 0.0]"
./casia/happy/file_161_1.wav,"[0.0, 0.0, 1.0, 0.0, 0.0, 0.0]"
./casia/happy/file_161_2.wav,"[0.0, 0.0, 1.0, 0.0, 0.0, 0.0]"
./casia/happy/file_161_3.wav,"[0.0, 0.0, 1.0, 0.0, 0.0, 0.0]"
./casia/happy/file_165_1.wav,"[0.0, 0.0, 1.0, 0.0, 0.0, 0.0]"
./casia/happy/file_165_2.wav,"[0.0, 0.0, 1.0, 0.0, 0.0, 0.0]"
./casia/happy/file_165_3.wav,"[0.0, 0.0, 1.0, 0.0, 0.0, 0.0]"
./casia/happy/file_16_1.wav,"[0.0, 0.0, 1.0, 0.0, 0.0, 0.0]"
./casia/happy/file_16_2.wav,"[0.0, 0.0, 1.0, 0.0, 0.0, 0.0]"
./casia/happy/file_16_3.wav,"[0.0, 0.0, 1.0, 0.0, 0.0, 0.0]"
./casia/happy/file_172_1.wav,"[0.0, 0.0, 1.0, 0.0, 0.0, 0.0]"
./casia/happy/file_172_2.wav,"[0.0, 0.0, 1.0, 0.0, 0.0, 0.0]"
./casia/happy/file_172_3.wav,"[0.0, 0.0, 1.0, 0.0, 0.0, 0.0]"
./casia/happy/file_176_1.wav,"[0.0, 0.0, 1.0, 0.0, 0.0, 0.0]"
./casia/happy/file_176_3.wav,"[0.0, 0.0, 1.0, 0.0, 0.0, 0.0]"
./casia/happy/file_180_1.wav,"[0.0, 0.0, 1.0, 0.0, 0.0, 0.0]"
./casia/happy/file_180_2.wav,"[0.0, 0.0, 1.0, 0.0, 0.0, 0.0]"
./casia/happy/file_180_3.wav,"[0.0, 0.0, 1.0, 0.0, 0.0, 0.0]"
./casia/happy/file_184_1.wav,"[0.0, 0.0, 1.0, 0.0, 0.0, 0.0]"
./casia/happy/file_184_2.wav,"[0.0, 0.0, 1.0, 0.0, 0.0, 0.0]"
./casia/happy/file_184_3.wav,"[0.0, 0.0, 1.0, 0.0, 0.0, 0.0]"
./casia/happy/file_188_1.wav,"[0.0, 0.0, 1.0, 0.0, 0.0, 0.0]"
./casia/happy/file_188_2.wav,"[0.0, 0.0, 1.0, 0.0, 0.0, 0.0]"
./casia/happy/file_188_3.wav,"[0.0, 0.0, 1.0, 0.0, 0.0, 0.0]"
./casia/happy/file_192_1.wav,"[0.0, 0.0, 1.0, 0.0, 0.0, 0.0]"
./casia/happy/file_192_2.wav,"[0.0, 0.0, 1.0, 0.0, 0.0, 0.0]"
./casia/happy/file_192_3.wav,"[0.0, 0.0, 1.0, 0.0, 0.0, 0.0]"
./casia/happy/file_196_1.wav,"[0.0, 0.0, 1.0, 0.0, 0.0, 0.0]"
./casia/happy/file_196_2.wav,"[0.0, 0.0, 1.0, 0.0, 0.0, 0.0]"
./casia/happy/file_196_3.wav,"[0.0, 0.0, 1.0, 0.0, 0.0, 0.0]"
./casia/happy/file_200_1.wav,"[0.0, 0.0, 1.0, 0.0, 0.0, 0.0]"
./casia/happy/file_200_3.wav,"[0.0, 0.0, 1.0, 0.0, 0.0, 0.0]"
./casia/happy/file_20_1.wav,"[0.0, 0.0, 1.0, 0.0, 0.0, 0.0]"
./casia/happy/file_20_2.wav,"[0.0, 0.0, 1.0, 0.0, 0.0, 0.0]"
./casia/happy/file_20_3.wav,"[0.0, 0.0, 1.0, 0.0, 0.0, 0.0]"
./casia/happy/file_23_1.wav,"[0.0, 0.0, 1.0, 0.0, 0.0, 0.0]"
./casia/happy/file_23_2.wav,"[0.0, 0.0, 1.0, 0.0, 0.0, 0.0]"
./casia/happy/file_23_3.wav,"[0.0, 0.0, 1.0, 0.0, 0.0, 0.0]"
./casia/happy/file_27_1.wav,"[0.0, 0.0, 1.0, 0.0, 0.0, 0.0]"
./casia/happy/file_27_2.wav,"[0.0, 0.0, 1.0, 0.0, 0.0, 0.0]"
./casia/happy/file_27_3.wav,"[0.0, 0.0, 1.0, 0.0, 0.0, 0.0]"
./casia/happy/file_31_1.wav,"[0.0, 0.0, 1.0, 0.0, 0.0, 0.0]"
./casia/happy/file_31_2.wav,"[0.0, 0.0, 1.0, 0.0, 0.0, 0.0]"
./casia/happy/file_31_3.wav,"[0.0, 0.0, 1.0, 0.0, 0.0, 0.0]"
./casia/happy/file_35_1.wav,"[0.0, 0.0, 1.0, 0.0, 0.0, 0.0]"
./casia/happy/file_35_2.wav,"[0.0, 0.0, 1.0, 0.0, 0.0, 0.0]"
./casia/happy/file_35_3.wav,"[0.0, 0.0, 1.0, 0.0, 0.0, 0.0]"
./casia/happy/file_39_1.wav,"[0.0, 0.0, 1.0, 0.0, 0.0, 0.0]"
./casia/happy/file_39_3.wav,"[0.0, 0.0, 1.0, 0.0, 0.0, 0.0]"
./casia/happy/file_42_1.wav,"[0.0, 0.0, 1.0, 0.0, 0.0, 0.0]"
./casia/happy/file_42_2.wav,"[0.0, 0.0, 1.0, 0.0, 0.0, 0.0]"
./casia/happy/file_42_3.wav,"[0.0, 0.0, 1.0, 0.0, 0.0, 0.0]"
./casia/happy/file_46_1.wav,"[0.0, 0.0, 1.0, 0.0, 0.0, 0.0]"
./casia/happy/file_46_2.wav,"[0.0, 0.0, 1.0, 0.0, 0.0, 0.0]"
./casia/happy/file_46_3.wav,"[0.0, 0.0, 1.0, 0.0, 0.0, 0.0]"
./casia/happy/file_4_1.wav,"[0.0, 0.0, 1.0, 0.0, 0.0, 0.0]"
./casia/happy/file_4_2.wav,"[0.0, 0.0, 1.0, 0.0, 0.0, 0.0]"
./casia/happy/file_4_3.wav,"[0.0, 0.0, 1.0, 0.0, 0.0, 0.0]"
./casia/happy/file_50_1.wav,"[0.0, 0.0, 1.0, 0.0, 0.0, 0.0]"
./casia/happy/file_50_2.wav,"[0.0, 0.0, 1.0, 0.0, 0.0, 0.0]"
./casia/happy/file_50_3.wav,"[0.0, 0.0, 1.0, 0.0, 0.0, 0.0]"
./casia/happy/file_54_1.wav,"[0.0, 0.0, 1.0, 0.0, 0.0, 0.0]"
./casia/happy/file_54_2.wav,"[0.0, 0.0, 1.0, 0.0, 0.0, 0.0]"
./casia/happy/file_54_3.wav,"[0.0, 0.0, 1.0, 0.0, 0.0, 0.0]"
./casia/happy/file_58_1.wav,"[0.0, 0.0, 1.0, 0.0, 0.0, 0.0]"
./casia/happy/file_58_3.wav,"[0.0, 0.0, 1.0, 0.0, 0.0, 0.0]"
./casia/happy/file_61_1.wav,"[0.0, 0.0, 1.0, 0.0, 0.0, 0.0]"
./casia/happy/file_61_2.wav,"[0.0, 0.0, 1.0, 0.0, 0.0, 0.0]"
./casia/happy/file_61_3.wav,"[0.0, 0.0, 1.0, 0.0, 0.0, 0.0]"
./casia/happy/file_65_1.wav,"[0.0, 0.0, 1.0, 0.0, 0.0, 0.0]"
./casia/happy/file_65_2.wav,"[0.0, 0.0, 1.0, 0.0, 0.0, 0.0]"
./casia/happy/file_65_3.wav,"[0.0, 0.0, 1.0, 0.0, 0.0, 0.0]"
./casia/happy/file_69_1.wav,"[0.0, 0.0, 1.0, 0.0, 0.0, 0.0]"
./casia/happy/file_69_2.wav,"[0.0, 0.0, 1.0, 0.0, 0.0, 0.0]"
./casia/happy/file_69_3.wav,"[0.0, 0.0, 1.0, 0.0, 0.0, 0.0]"
./casia/happy/file_73_1.wav,"[0.0, 0.0, 1.0, 0.0, 0.0, 0.0]"
./casia/happy/file_73_2.wav,"[0.0, 0.0, 1.0, 0.0, 0.0, 0.0]"
./casia/happy/file_73_3.wav,"[0.0, 0.0, 1.0, 0.0, 0.0, 0.0]"
./casia/happy/file_77_1.wav,"[0.0, 0.0, 1.0, 0.0, 0.0, 0.0]"
./casia/happy/file_77_2.wav,"[0.0, 0.0, 1.0, 0.0, 0.0, 0.0]"
./casia/happy/file_77_3.wav,"[0.0, 0.0, 1.0, 0.0, 0.0, 0.0]"
./casia/happy/file_84_1.wav,"[0.0, 0.0, 1.0, 0.0, 0.0, 0.0]"
./casia/happy/file_84_2.wav,"[0.0, 0.0, 1.0, 0.0, 0.0, 0.0]"
./casia/happy/file_84_3.wav,"[0.0, 0.0, 1.0, 0.0, 0.0, 0.0]"
./casia/happy/file_88_1.wav,"[0.0, 0.0, 1.0, 0.0, 0.0, 0.0]"
./casia/happy/file_88_2.wav,"[0.0, 0.0, 1.0, 0.0, 0.0, 0.0]"
./casia/happy/file_88_3.wav,"[0.0, 0.0, 1.0, 0.0, 0.0, 0.0]"
./casia/happy/file_8_1.wav,"[0.0, 0.0, 1.0, 0.0, 0.0, 0.0]"
./casia/happy/file_8_2.wav,"[0.0, 0.0, 1.0, 0.0, 0.0, 0.0]"
./casia/happy/file_8_3.wav,"[0.0, 0.0, 1.0, 0.0, 0.0, 0.0]"
./casia/happy/file_92_1.wav,"[0.0, 0.0, 1.0, 0.0, 0.0, 0.0]"
./casia/happy/file_92_2.wav,"[0.0, 0.0, 1.0, 0.0, 0.0, 0.0]"
./casia/happy/file_92_3.wav,"[0.0, 0.0, 1.0, 0.0, 0.0, 0.0]"
./casia/happy/file_96_1.wav,"[0.0, 0.0, 1.0, 0.0, 0.0, 0.0]"
./casia/happy/file_96_2.wav,"[0.0, 0.0, 1.0, 0.0, 0.0, 0.0]"
./casia/happy/file_96_3.wav,"[0.0, 0.0, 1.0, 0.0, 0.0, 0.0]"
./casia/neutral/201.wav,"[0.0, 0.0, 0.0, 1.0, 0.0, 0.0]"
./casia/neutral/202.wav,"[0.0, 0.0, 0.0, 1.0, 0.0, 0.0]"
./casia/neutral/203.wav,"[0.0, 0.0, 0.0, 1.0, 0.0, 0.0]"
./casia/neutral/204.wav,"[0.0, 0.0, 0.0, 1.0, 0.0, 0.0]"
./casia/neutral/205.wav,"[0.0, 0.0, 0.0, 1.0, 0.0, 0.0]"
./casia/neutral/206.wav,"[0.0, 0.0, 0.0, 1.0, 0.0, 0.0]"
./casia/neutral/207.wav,"[0.0, 0.0, 0.0, 1.0, 0.0, 0.0]"
./casia/neutral/208.wav,"[0.0, 0.0, 0.0, 1.0, 0.0, 0.0]"
./casia/neutral/209.wav,"[0.0, 0.0, 0.0, 1.0, 0.0, 0.0]"
./casia/neutral/210.wav,"[0.0, 0.0, 0.0, 1.0, 0.0, 0.0]"
./casia/neutral/211.wav,"[0.0, 0.0, 0.0, 1.0, 0.0, 0.0]"
./casia/neutral/212.wav,"[0.0, 0.0, 0.0, 1.0, 0.0, 0.0]"
./casia/neutral/213.wav,"[0.0, 0.0, 0.0, 1.0, 0.0, 0.0]"
./casia/neutral/214.wav,"[0.0, 0.0, 0.0, 1.0, 0.0, 0.0]"
./casia/neutral/215.wav,"[0.0, 0.0, 0.0, 1.0, 0.0, 0.0]"
./casia/neutral/216.wav,"[0.0, 0.0, 0.0, 1.0, 0.0, 0.0]"
./casia/neutral/217.wav,"[0.0, 0.0, 0.0, 1.0, 0.0, 0.0]"
./casia/neutral/218.wav,"[0.0, 0.0, 0.0, 1.0, 0.0, 0.0]"
./casia/neutral/219.wav,"[0.0, 0.0, 0.0, 1.0, 0.0, 0.0]"
./casia/neutral/220.wav,"[0.0, 0.0, 0.0, 1.0, 0.0, 0.0]"
./casia/neutral/222.wav,"[0.0, 0.0, 0.0, 1.0, 0.0, 0.0]"
./casia/neutral/223.wav,"[0.0, 0.0, 0.0, 1.0, 0.0, 0.0]"
./casia/neutral/224.wav,"[0.0, 0.0, 0.0, 1.0, 0.0, 0.0]"
./casia/neutral/225.wav,"[0.0, 0.0, 0.0, 1.0, 0.0, 0.0]"
./casia/neutral/226.wav,"[0.0, 0.0, 0.0, 1.0, 0.0, 0.0]"
./casia/neutral/227.wav,"[0.0, 0.0, 0.0, 1.0, 0.0, 0.0]"
./casia/neutral/228.wav,"[0.0, 0.0, 0.0, 1.0, 0.0, 0.0]"
./casia/neutral/229.wav,"[0.0, 0.0, 0.0, 1.0, 0.0, 0.0]"
./casia/neutral/230.wav,"[0.0, 0.0, 0.0, 1.0, 0.0, 0.0]"
./casia/neutral/231.wav,"[0.0, 0.0, 0.0, 1.0, 0.0, 0.0]"
./casia/neutral/232.wav,"[0.0, 0.0, 0.0, 1.0, 0.0, 0.0]"
./casia/neutral/233.wav,"[0.0, 0.0, 0.0, 1.0, 0.0, 0.0]"
./casia/neutral/234.wav,"[0.0, 0.0, 0.0, 1.0, 0.0, 0.0]"
./casia/neutral/235.wav,"[0.0, 0.0, 0.0, 1.0, 0.0, 0.0]"
./casia/neutral/236.wav,"[0.0, 0.0, 0.0, 1.0, 0.0, 0.0]"
./casia/neutral/237.wav,"[0.0, 0.0, 0.0, 1.0, 0.0, 0.0]"
./casia/neutral/238.wav,"[0.0, 0.0, 0.0, 1.0, 0.0, 0.0]"
./casia/neutral/239.wav,"[0.0, 0.0, 0.0, 1.0, 0.0, 0.0]"
./casia/neutral/240.wav,"[0.0, 0.0, 0.0, 1.0, 0.0, 0.0]"
./casia/neutral/241.wav,"[0.0, 0.0, 0.0, 1.0, 0.0, 0.0]"
./casia/neutral/243.wav,"[0.0, 0.0, 0.0, 1.0, 0.0, 0.0]"
./casia/neutral/244.wav,"[0.0, 0.0, 0.0, 1.0, 0.0, 0.0]"
./casia/neutral/245.wav,"[0.0, 0.0, 0.0, 1.0, 0.0, 0.0]"
./casia/neutral/246.wav,"[0.0, 0.0, 0.0, 1.0, 0.0, 0.0]"
./casia/neutral/247.wav,"[0.0, 0.0, 0.0, 1.0, 0.0, 0.0]"
./casia/neutral/248.wav,"[0.0, 0.0, 0.0, 1.0, 0.0, 0.0]"
./casia/neutral/249.wav,"[0.0, 0.0, 0.0, 1.0, 0.0, 0.0]"
./casia/neutral/250.wav,"[0.0, 0.0, 0.0, 1.0, 0.0, 0.0]"
./casia/neutral/file_100_2.wav,"[0.0, 0.0, 0.0, 1.0, 0.0, 0.0]"
./casia/neutral/file_100_3.wav,"[0.0, 0.0, 0.0, 1.0, 0.0, 0.0]"
./casia/neutral/file_102_1.wav,"[0.0, 0.0, 0.0, 1.0, 0.0, 0.0]"
./casia/neutral/file_104_2.wav,"[0.0, 0.0, 0.0, 1.0, 0.0, 0.0]"
./casia/neutral/file_104_3.wav,"[0.0, 0.0, 0.0, 1.0, 0.0, 0.0]"
./casia/neutral/file_106_1.wav,"[0.0, 0.0, 0.0, 1.0, 0.0, 0.0]"
./casia/neutral/file_108_2.wav,"[0.0, 0.0, 0.0, 1.0, 0.0, 0.0]"
./casia/neutral/file_108_3.wav,"[0.0, 0.0, 0.0, 1.0, 0.0, 0.0]"
./casia/neutral/file_109_1.wav,"[0.0, 0.0, 0.0, 1.0, 0.0, 0.0]"
./casia/neutral/file_111_2.wav,"[0.0, 0.0, 0.0, 1.0, 0.0, 0.0]"
./casia/neutral/file_113_1.wav,"[0.0, 0.0, 0.0, 1.0, 0.0, 0.0]"
./casia/neutral/file_115_2.wav,"[0.0, 0.0, 0.0, 1.0, 0.0, 0.0]"
./casia/neutral/file_115_3.wav,"[0.0, 0.0, 0.0, 1.0, 0.0, 0.0]"
./casia/neutral/file_117_1.wav,"[0.0, 0.0, 0.0, 1.0, 0.0, 0.0]"
./casia/neutral/file_119_2.wav,"[0.0, 0.0, 0.0, 1.0, 0.0, 0.0]"
./casia/neutral/file_119_3.wav,"[0.0, 0.0, 0.0, 1.0, 0.0, 0.0]"
./casia/neutral/file_11_1.wav,"[0.0, 0.0, 0.0, 1.0, 0.0, 0.0]"
./casia/neutral/file_121_1.wav,"[0.0, 0.0, 0.0, 1.0, 0.0, 0.0]"
./casia/neutral/file_123_2.wav,"[0.0, 0.0, 0.0, 1.0, 0.0, 0.0]"
./casia/neutral/file_123_3.wav,"[0.0, 0.0, 0.0, 1.0, 0.0, 0.0]"
./casia/neutral/file_125_1.wav,"[0.0, 0.0, 0.0, 1.0, 0.0, 0.0]"
./casia/neutral/file_127_2.wav,"[0.0, 0.0, 0.0, 1.0, 0.0, 0.0]"
./casia/neutral/file_127_3.wav,"[0.0, 0.0, 0.0, 1.0, 0.0, 0.0]"
./casia/neutral/file_12_2.wav,"[0.0, 0.0, 0.0, 1.0, 0.0, 0.0]"
./casia/neutral/file_12_3.wav,"[0.0, 0.0, 0.0, 1.0, 0.0, 0.0]"
./casia/neutral/file_130_2.wav,"[0.0, 0.0, 0.0, 1.0, 0.0, 0.0]"
./casia/neutral/file_130_3.wav,"[0.0, 0.0, 0.0, 1.0, 0.0, 0.0]"
./casia/neutral/file_134_2.wav,"[0.0, 0.0, 0.0, 1.0, 0.0, 0.0]"
./casia/neutral/file_134_3.wav,"[0.0, 0.0, 0.0, 1.0, 0.0, 0.0]"
./casia/neutral/file_136_1.wav,"[0.0, 0.0, 0.0, 1.0, 0.0, 0.0]"
./casia/neutral/file_138_2.wav,"[0.0, 0.0, 0.0, 1.0, 0.0, 0.0]"
./casia/neutral/file_138_3.wav,"[0.0, 0.0, 0.0, 1.0, 0.0, 0.0]"
./casia/neutral/file_140_1.wav,"[0.0, 0.0, 0.0, 1.0, 0.0, 0.0]"
./casia/neutral/file_142_2.wav,"[0.0, 0.0, 0.0, 1.0, 0.0, 0.0]"
./casia/neutral/file_142_3.wav,"[0.0, 0.0, 0.0, 1.0, 0.0, 0.0]"
./casia/neutral/file_144_1.wav,"[0.0, 0.0, 0.0, 1.0, 0.0, 0.0]"
./casia/neutral/file_146_2.wav,"[0.0, 0.0, 0.0, 1.0, 0.0, 0.0]"
./casia/neutral/file_146_3.wav,"[0.0, 0.0, 0.0, 1.0, 0.0, 0.0]"
./casia/neutral/file_148_1.wav,"[0.0, 0.0, 0.0, 1.0, 0.0, 0.0]"
./casia/neutral/file_149_2.wav,"[0.0, 0.0, 0.0, 1.0, 0.0, 0.0]"
./casia/neutral/file_149_3.wav,"[0.0, 0.0, 0.0, 1.0, 0.0, 0.0]"
./casia/neutral/file_14_1.wav,"[0.0, 0.0, 0.0, 1.0, 0.0, 0.0]"
./casia/neutral/file_151_1.wav,"[0.0, 0.0, 0.0, 1.0, 0.0, 0.0]"
./casia/neutral/file_153_2.wav,"[0.0, 0.0, 0.0, 1.0, 0.0, 0.0]"
./casia/neutral/221.wav,"[0.0, 0.0, 0.0, 1.0, 0.0, 0.0]"
./casia/neutral/242.wav,"[0.0, 0.0, 0.0, 1.0, 0.0, 0.0]"
./casia/neutral/file_111_3.wav,"[0.0, 0.0, 0.0, 1.0, 0.0, 0.0]"
./casia/neutral/file_132_1.wav,"[0.0, 0.0, 0.0, 1.0, 0.0, 0.0]"
./casia/neutral/file_153_3.wav,"[0.0, 0.0, 0.0, 1.0, 0.0, 0.0]"
./casia/neutral/file_176_3.wav,"[0.0, 0.0, 0.0, 1.0, 0.0, 0.0]"
./casia/neutral/file_200_2.wav,"[0.0, 0.0, 0.0, 1.0, 0.0, 0.0]"
./casia/neutral/file_39_3.wav,"[0.0, 0.0, 0.0, 1.0, 0.0, 0.0]"
./casia/neutral/file_60_1.wav,"[0.0, 0.0, 0.0, 1.0, 0.0, 0.0]"
./casia/neutral/file_155_1.wav,"[0.0, 0.0, 0.0, 1.0, 0.0, 0.0]"
./casia/neutral/file_157_2.wav,"[0.0, 0.0, 0.0, 1.0, 0.0, 0.0]"
./casia/neutral/file_157_3.wav,"[0.0, 0.0, 0.0, 1.0, 0.0, 0.0]"
./casia/neutral/file_159_1.wav,"[0.0, 0.0, 0.0, 1.0, 0.0, 0.0]"
./casia/neutral/file_161_2.wav,"[0.0, 0.0, 0.0, 1.0, 0.0, 0.0]"
./casia/neutral/file_161_3.wav,"[0.0, 0.0, 0.0, 1.0, 0.0, 0.0]"
./casia/neutral/file_163_1.wav,"[0.0, 0.0, 0.0, 1.0, 0.0, 0.0]"
./casia/neutral/file_165_2.wav,"[0.0, 0.0, 0.0, 1.0, 0.0, 0.0]"
./casia/neutral/file_165_3.wav,"[0.0, 0.0, 0.0, 1.0, 0.0, 0.0]"
./casia/neutral/file_167_1.wav,"[0.0, 0.0, 0.0, 1.0, 0.0, 0.0]"
./casia/neutral/file_16_2.wav,"[0.0, 0.0, 0.0, 1.0, 0.0, 0.0]"
./casia/neutral/file_16_3.wav,"[0.0, 0.0, 0.0, 1.0, 0.0, 0.0]"
./casia/neutral/file_170_1.wav,"[0.0, 0.0, 0.0, 1.0, 0.0, 0.0]"
./casia/neutral/file_172_2.wav,"[0.0, 0.0, 0.0, 1.0, 0.0, 0.0]"
./casia/neutral/file_172_3.wav,"[0.0, 0.0, 0.0, 1.0, 0.0, 0.0]"
./casia/neutral/file_174_1.wav,"[0.0, 0.0, 0.0, 1.0, 0.0, 0.0]"
./casia/neutral/file_176_2.wav,"[0.0, 0.0, 0.0, 1.0, 0.0, 0.0]"
./casia/neutral/file_177_1.wav,"[0.0, 0.0, 0.0, 1.0, 0.0, 0.0]"
./casia/neutral/file_180_2.wav,"[0.0, 0.0, 0.0, 1.0, 0.0, 0.0]"
./casia/neutral/file_180_3.wav,"[0.0, 0.0, 0.0, 1.0, 0.0, 0.0]"
./casia/neutral/file_181_1.wav,"[0.0, 0.0, 0.0, 1.0, 0.0, 0.0]"
./casia/neutral/file_184_2.wav,"[0.0, 0.0, 0.0, 1.0, 0.0, 0.0]"
./casia/neutral/file_184_3.wav,"[0.0, 0.0, 0.0, 1.0, 0.0, 0.0]"
./casia/neutral/file_185_1.wav,"[0.0, 0.0, 0.0, 1.0, 0.0, 0.0]"
./casia/neutral/file_188_2.wav,"[0.0, 0.0, 0.0, 1.0, 0.0, 0.0]"
./casia/neutral/file_188_3.wav,"[0.0, 0.0, 0.0, 1.0, 0.0, 0.0]"
./casia/neutral/file_189_1.wav,"[0.0, 0.0, 0.0, 1.0, 0.0, 0.0]"
./casia/neutral/file_18_1.wav,"[0.0, 0.0, 0.0, 1.0, 0.0, 0.0]"
./casia/neutral/file_192_2.wav,"[0.0, 0.0, 0.0, 1.0, 0.0, 0.0]"
./casia/neutral/file_192_3.wav,"[0.0, 0.0, 0.0, 1.0, 0.0, 0.0]"
./casia/neutral/file_193_1.wav,"[0.0, 0.0, 0.0, 1.0, 0.0, 0.0]"
./casia/neutral/file_196_2.wav,"[0.0, 0.0, 0.0, 1.0, 0.0, 0.0]"
./casia/neutral/file_196_3.wav,"[0.0, 0.0, 0.0, 1.0, 0.0, 0.0]"
./casia/neutral/file_197_1.wav,"[0.0, 0.0, 0.0, 1.0, 0.0, 0.0]"
./casia/neutral/file_200_3.wav,"[0.0, 0.0, 0.0, 1.0, 0.0, 0.0]"
./casia/neutral/file_20_2.wav,"[0.0, 0.0, 0.0, 1.0, 0.0, 0.0]"
./casia/neutral/file_20_3.wav,"[0.0, 0.0, 0.0, 1.0, 0.0, 0.0]"
./casia/neutral/file_21_1.wav,"[0.0, 0.0, 0.0, 1.0, 0.0, 0.0]"
./casia/neutral/file_23_2.wav,"[0.0, 0.0, 0.0, 1.0, 0.0, 0.0]"
./casia/neutral/file_23_3.wav,"[0.0, 0.0, 0.0, 1.0, 0.0, 0.0]"
./casia/neutral/file_25_1.wav,"[0.0, 0.0, 0.0, 1.0, 0.0, 0.0]"
./casia/neutral/file_27_2.wav,"[0.0, 0.0, 0.0, 1.0, 0.0, 0.0]"
./casia/neutral/file_27_3.wav,"[0.0, 0.0, 0.0, 1.0, 0.0, 0.0]"
./casia/neutral/file_29_1.wav,"[0.0, 0.0, 0.0, 1.0, 0.0, 0.0]"
./casia/neutral/file_31_2.wav,"[0.0, 0.0, 0.0, 1.0, 0.0, 0.0]"
./casia/neutral/file_31_3.wav,"[0.0, 0.0, 0.0, 1.0, 0.0, 0.0]"
./casia/neutral/file_33_1.wav,"[0.0, 0.0, 0.0, 1.0, 0.0, 0.0]"
./casia/neutral/file_35_2.wav,"[0.0, 0.0, 0.0, 1.0, 0.0, 0.0]"
./casia/neutral/file_35_3.wav,"[0.0, 0.0, 0.0, 1.0, 0.0, 0.0]"
./casia/neutral/file_37_1.wav,"[0.0, 0.0, 0.0, 1.0, 0.0, 0.0]"
./casia/neutral/file_39_2.wav,"[0.0, 0.0, 0.0, 1.0, 0.0, 0.0]"
./casia/neutral/file_42_2.wav,"[0.0, 0.0, 0.0, 1.0, 0.0, 0.0]"
./casia/neutral/file_42_3.wav,"[0.0, 0.0, 0.0, 1.0, 0.0, 0.0]"
./casia/neutral/file_44_1.wav,"[0.0, 0.0, 0.0, 1.0, 0.0, 0.0]"
./casia/neutral/file_46_2.wav,"[0.0, 0.0, 0.0, 1.0, 0.0, 0.0]"
./casia/neutral/file_46_3.wav,"[0.0, 0.0, 0.0, 1.0, 0.0, 0.0]"
./casia/neutral/file_48_1.wav,"[0.0, 0.0, 0.0, 1.0, 0.0, 0.0]"
./casia/neutral/file_4_1.wav,"[0.0, 0.0, 0.0, 1.0, 0.0, 0.0]"
./casia/neutral/file_4_2.wav,"[0.0, 0.0, 0.0, 1.0, 0.0, 0.0]"
./casia/neutral/file_4_3.wav,"[0.0, 0.0, 0.0, 1.0, 0.0, 0.0]"
./casia/neutral/file_50_2.wav,"[0.0, 0.0, 0.0, 1.0, 0.0, 0.0]"
./casia/neutral/file_50_3.wav,"[0.0, 0.0, 0.0, 1.0, 0.0, 0.0]"
./casia/neutral/file_52_1.wav,"[0.0, 0.0, 0.0, 1.0, 0.0, 0.0]"
./casia/neutral/file_54_2.wav,"[0.0, 0.0, 0.0, 1.0, 0.0, 0.0]"
./casia/neutral/file_54_3.wav,"[0.0, 0.0, 0.0, 1.0, 0.0, 0.0]"
./casia/neutral/file_56_1.wav,"[0.0, 0.0, 0.0, 1.0, 0.0, 0.0]"
./casia/neutral/file_58_2.wav,"[0.0, 0.0, 0.0, 1.0, 0.0, 0.0]"
./casia/neutral/file_58_3.wav,"[0.0, 0.0, 0.0, 1.0, 0.0, 0.0]"
./casia/neutral/file_61_2.wav,"[0.0, 0.0, 0.0, 1.0, 0.0, 0.0]"
./casia/neutral/file_61_3.wav,"[0.0, 0.0, 0.0, 1.0, 0.0, 0.0]"
./casia/neutral/file_63_1.wav,"[0.0, 0.0, 0.0, 1.0, 0.0, 0.0]"
./casia/neutral/file_65_2.wav,"[0.0, 0.0, 0.0, 1.0, 0.0, 0.0]"
./casia/neutral/file_65_3.wav,"[0.0, 0.0, 0.0, 1.0, 0.0, 0.0]"
./casia/neutral/file_67_1.wav,"[0.0, 0.0, 0.0, 1.0, 0.0, 0.0]"
./casia/neutral/file_69_2.wav,"[0.0, 0.0, 0.0, 1.0, 0.0, 0.0]"
./casia/neutral/file_69_3.wav,"[0.0, 0.0, 0.0, 1.0, 0.0, 0.0]"
./casia/neutral/file_71_1.wav,"[0.0, 0.0, 0.0, 1.0, 0.0, 0.0]"
./casia/neutral/file_73_2.wav,"[0.0, 0.0, 0.0, 1.0, 0.0, 0.0]"
./casia/neutral/file_73_3.wav,"[0.0, 0.0, 0.0, 1.0, 0.0, 0.0]"
./casia/neutral/file_75_1.wav,"[0.0, 0.0, 0.0, 1.0, 0.0, 0.0]"
./casia/neutral/file_77_2.wav,"[0.0, 0.0, 0.0, 1.0, 0.0, 0.0]"
./casia/neutral/file_77_3.wav,"[0.0, 0.0, 0.0, 1.0, 0.0, 0.0]"
./casia/neutral/file_79_1.wav,"[0.0, 0.0, 0.0, 1.0, 0.0, 0.0]"
./casia/neutral/file_7_1.wav,"[0.0, 0.0, 0.0, 1.0, 0.0, 0.0]"
./casia/neutral/file_82_1.wav,"[0.0, 0.0, 0.0, 1.0, 0.0, 0.0]"
./casia/neutral/file_84_2.wav,"[0.0, 0.0, 0.0, 1.0, 0.0, 0.0]"
./casia/neutral/file_84_3.wav,"[0.0, 0.0, 0.0, 1.0, 0.0, 0.0]"
./casia/neutral/file_86_1.wav,"[0.0, 0.0, 0.0, 1.0, 0.0, 0.0]"
./casia/neutral/file_88_2.wav,"[0.0, 0.0, 0.0, 1.0, 0.0, 0.0]"
./casia/neutral/file_88_3.wav,"[0.0, 0.0, 0.0, 1.0, 0.0, 0.0]"
./casia/neutral/file_8_2.wav,"[0.0, 0.0, 0.0, 1.0, 0.0, 0.0]"
./casia/neutral/file_8_3.wav,"[0.0, 0.0, 0.0, 1.0, 0.0, 0.0]"
./casia/neutral/file_90_1.wav,"[0.0, 0.0, 0.0, 1.0, 0.0, 0.0]"
./casia/neutral/file_92_2.wav,"[0.0, 0.0, 0.0, 1.0, 0.0, 0.0]"
./casia/neutral/file_92_3.wav,"[0.0, 0.0, 0.0, 1.0, 0.0, 0.0]"
./casia/neutral/file_94_1.wav,"[0.0, 0.0, 0.0, 1.0, 0.0, 0.0]"
./casia/neutral/file_96_2.wav,"[0.0, 0.0, 0.0, 1.0, 0.0, 0.0]"
./casia/neutral/file_96_3.wav,"[0.0, 0.0, 0.0, 1.0, 0.0, 0.0]"
./casia/neutral/file_98_1.wav,"[0.0, 0.0, 0.0, 1.0, 0.0, 0.0]"
./casia/sad/201.wav,"[0.0, 0.0, 0.0, 0.0, 1.0, 0.0]"
./casia/sad/202.wav,"[0.0, 0.0, 0.0, 0.0, 1.0, 0.0]"
./casia/sad/203.wav,"[0.0, 0.0, 0.0, 0.0, 1.0, 0.0]"
./casia/sad/204.wav,"[0.0, 0.0, 0.0, 0.0, 1.0, 0.0]"
./casia/sad/205.wav,"[0.0, 0.0, 0.0, 0.0, 1.0, 0.0]"
./casia/sad/206.wav,"[0.0, 0.0, 0.0, 0.0, 1.0, 0.0]"
./casia/sad/207.wav,"[0.0, 0.0, 0.0, 0.0, 1.0, 0.0]"
./casia/sad/208.wav,"[0.0, 0.0, 0.0, 0.0, 1.0, 0.0]"
./casia/sad/209.wav,"[0.0, 0.0, 0.0, 0.0, 1.0, 0.0]"
./casia/sad/210.wav,"[0.0, 0.0, 0.0, 0.0, 1.0, 0.0]"
./casia/sad/211.wav,"[0.0, 0.0, 0.0, 0.0, 1.0, 0.0]"
./casia/sad/212.wav,"[0.0, 0.0, 0.0, 0.0, 1.0, 0.0]"
./casia/sad/213.wav,"[0.0, 0.0, 0.0, 0.0, 1.0, 0.0]"
./casia/sad/214.wav,"[0.0, 0.0, 0.0, 0.0, 1.0, 0.0]"
./casia/sad/215.wav,"[0.0, 0.0, 0.0, 0.0, 1.0, 0.0]"
./casia/sad/216.wav,"[0.0, 0.0, 0.0, 0.0, 1.0, 0.0]"
./casia/sad/217.wav,"[0.0, 0.0, 0.0, 0.0, 1.0, 0.0]"
./casia/sad/218.wav,"[0.0, 0.0, 0.0, 0.0, 1.0, 0.0]"
./casia/sad/219.wav,"[0.0, 0.0, 0.0, 0.0, 1.0, 0.0]"
./casia/sad/220.wav,"[0.0, 0.0, 0.0, 0.0, 1.0, 0.0]"
./casia/sad/222.wav,"[0.0, 0.0, 0.0, 0.0, 1.0, 0.0]"
./casia/sad/223.wav,"[0.0, 0.0, 0.0, 0.0, 1.0, 0.0]"
./casia/sad/224.wav,"[0.0, 0.0, 0.0, 0.0, 1.0, 0.0]"
./casia/sad/225.wav,"[0.0, 0.0, 0.0, 0.0, 1.0, 0.0]"
./casia/sad/226.wav,"[0.0, 0.0, 0.0, 0.0, 1.0, 0.0]"
./casia/sad/227.wav,"[0.0, 0.0, 0.0, 0.0, 1.0, 0.0]"
./casia/sad/228.wav,"[0.0, 0.0, 0.0, 0.0, 1.0, 0.0]"
./casia/sad/229.wav,"[0.0, 0.0, 0.0, 0.0, 1.0, 0.0]"
./casia/sad/230.wav,"[0.0, 0.0, 0.0, 0.0, 1.0, 0.0]"
./casia/sad/231.wav,"[0.0, 0.0, 0.0, 0.0, 1.0, 0.0]"
./casia/sad/232.wav,"[0.0, 0.0, 0.0, 0.0, 1.0, 0.0]"
./casia/sad/233.wav,"[0.0, 0.0, 0.0, 0.0, 1.0, 0.0]"
./casia/sad/234.wav,"[0.0, 0.0, 0.0, 0.0, 1.0, 0.0]"
./casia/sad/235.wav,"[0.0, 0.0, 0.0, 0.0, 1.0, 0.0]"
./casia/sad/236.wav,"[0.0, 0.0, 0.0, 0.0, 1.0, 0.0]"
./casia/sad/237.wav,"[0.0, 0.0, 0.0, 0.0, 1.0, 0.0]"
./casia/sad/238.wav,"[0.0, 0.0, 0.0, 0.0, 1.0, 0.0]"
./casia/sad/239.wav,"[0.0, 0.0, 0.0, 0.0, 1.0, 0.0]"
./casia/sad/240.wav,"[0.0, 0.0, 0.0, 0.0, 1.0, 0.0]"
./casia/sad/241.wav,"[0.0, 0.0, 0.0, 0.0, 1.0, 0.0]"
./casia/sad/243.wav,"[0.0, 0.0, 0.0, 0.0, 1.0, 0.0]"
./casia/sad/244.wav,"[0.0, 0.0, 0.0, 0.0, 1.0, 0.0]"
./casia/sad/245.wav,"[0.0, 0.0, 0.0, 0.0, 1.0, 0.0]"
./casia/sad/246.wav,"[0.0, 0.0, 0.0, 0.0, 1.0, 0.0]"
./casia/sad/247.wav,"[0.0, 0.0, 0.0, 0.0, 1.0, 0.0]"
./casia/sad/248.wav,"[0.0, 0.0, 0.0, 0.0, 1.0, 0.0]"
./casia/sad/249.wav,"[0.0, 0.0, 0.0, 0.0, 1.0, 0.0]"
./casia/sad/250.wav,"[0.0, 0.0, 0.0, 0.0, 1.0, 0.0]"
./casia/sad/file_100_2.wav,"[0.0, 0.0, 0.0, 0.0, 1.0, 0.0]"
./casia/sad/file_103_1.wav,"[0.0, 0.0, 0.0, 0.0, 1.0, 0.0]"
./casia/sad/file_103_3.wav,"[0.0, 0.0, 0.0, 0.0, 1.0, 0.0]"
./casia/sad/file_104_2.wav,"[0.0, 0.0, 0.0, 0.0, 1.0, 0.0]"
./casia/sad/file_107_1.wav,"[0.0, 0.0, 0.0, 0.0, 1.0, 0.0]"
./casia/sad/file_107_3.wav,"[0.0, 0.0, 0.0, 0.0, 1.0, 0.0]"
./casia/sad/file_108_2.wav,"[0.0, 0.0, 0.0, 0.0, 1.0, 0.0]"
./casia/sad/file_110_1.wav,"[0.0, 0.0, 0.0, 0.0, 1.0, 0.0]"
./casia/sad/file_110_3.wav,"[0.0, 0.0, 0.0, 0.0, 1.0, 0.0]"
./casia/sad/file_111_2.wav,"[0.0, 0.0, 0.0, 0.0, 1.0, 0.0]"
./casia/sad/file_114_3.wav,"[0.0, 0.0, 0.0, 0.0, 1.0, 0.0]"
./casia/sad/file_115_2.wav,"[0.0, 0.0, 0.0, 0.0, 1.0, 0.0]"
./casia/sad/file_118_1.wav,"[0.0, 0.0, 0.0, 0.0, 1.0, 0.0]"
./casia/sad/file_118_3.wav,"[0.0, 0.0, 0.0, 0.0, 1.0, 0.0]"
./casia/sad/file_119_2.wav,"[0.0, 0.0, 0.0, 0.0, 1.0, 0.0]"
./casia/sad/file_11_3.wav,"[0.0, 0.0, 0.0, 0.0, 1.0, 0.0]"
./casia/sad/file_122_1.wav,"[0.0, 0.0, 0.0, 0.0, 1.0, 0.0]"
./casia/sad/file_122_3.wav,"[0.0, 0.0, 0.0, 0.0, 1.0, 0.0]"
./casia/sad/file_123_2.wav,"[0.0, 0.0, 0.0, 0.0, 1.0, 0.0]"
./casia/sad/file_126_1.wav,"[0.0, 0.0, 0.0, 0.0, 1.0, 0.0]"
./casia/sad/file_126_3.wav,"[0.0, 0.0, 0.0, 0.0, 1.0, 0.0]"
./casia/sad/file_127_2.wav,"[0.0, 0.0, 0.0, 0.0, 1.0, 0.0]"
./casia/sad/file_129_1.wav,"[0.0, 0.0, 0.0, 0.0, 1.0, 0.0]"
./casia/sad/file_129_3.wav,"[0.0, 0.0, 0.0, 0.0, 1.0, 0.0]"
./casia/sad/file_12_1.wav,"[0.0, 0.0, 0.0, 0.0, 1.0, 0.0]"
./casia/sad/file_12_2.wav,"[0.0, 0.0, 0.0, 0.0, 1.0, 0.0]"
./casia/sad/file_130_2.wav,"[0.0, 0.0, 0.0, 0.0, 1.0, 0.0]"
./casia/sad/file_133_3.wav,"[0.0, 0.0, 0.0, 0.0, 1.0, 0.0]"
./casia/sad/file_134_2.wav,"[0.0, 0.0, 0.0, 0.0, 1.0, 0.0]"
./casia/sad/file_137_1.wav,"[0.0, 0.0, 0.0, 0.0, 1.0, 0.0]"
./casia/sad/file_137_3.wav,"[0.0, 0.0, 0.0, 0.0, 1.0, 0.0]"
./casia/sad/file_138_2.wav,"[0.0, 0.0, 0.0, 0.0, 1.0, 0.0]"
./casia/sad/file_141_1.wav,"[0.0, 0.0, 0.0, 0.0, 1.0, 0.0]"
./casia/sad/file_141_3.wav,"[0.0, 0.0, 0.0, 0.0, 1.0, 0.0]"
./casia/sad/file_142_2.wav,"[0.0, 0.0, 0.0, 0.0, 1.0, 0.0]"
./casia/sad/file_145_1.wav,"[0.0, 0.0, 0.0, 0.0, 1.0, 0.0]"
./casia/sad/file_145_3.wav,"[0.0, 0.0, 0.0, 0.0, 1.0, 0.0]"
./casia/sad/file_146_2.wav,"[0.0, 0.0, 0.0, 0.0, 1.0, 0.0]"
./casia/sad/file_149_2.wav,"[0.0, 0.0, 0.0, 0.0, 1.0, 0.0]"
./casia/sad/file_152_1.wav,"[0.0, 0.0, 0.0, 0.0, 1.0, 0.0]"
./casia/sad/file_152_3.wav,"[0.0, 0.0, 0.0, 0.0, 1.0, 0.0]"
./casia/sad/file_153_2.wav,"[0.0, 0.0, 0.0, 0.0, 1.0, 0.0]"
./casia/sad/file_156_1.wav,"[0.0, 0.0, 0.0, 0.0, 1.0, 0.0]"
./casia/sad/file_156_3.wav,"[0.0, 0.0, 0.0, 0.0, 1.0, 0.0]"
./casia/sad/221.wav,"[0.0, 0.0, 0.0, 0.0, 1.0, 0.0]"
./casia/sad/242.wav,"[0.0, 0.0, 0.0, 0.0, 1.0, 0.0]"
./casia/sad/file_114_1.wav,"[0.0, 0.0, 0.0, 0.0, 1.0, 0.0]"
./casia/sad/file_133_1.wav,"[0.0, 0.0, 0.0, 0.0, 1.0, 0.0]"
./casia/sad/file_157_2.wav,"[0.0, 0.0, 0.0, 0.0, 1.0, 0.0]"
./casia/sad/file_179_1.wav,"[0.0, 0.0, 0.0, 0.0, 1.0, 0.0]"
./casia/sad/file_19_3.wav,"[0.0, 0.0, 0.0, 0.0, 1.0, 0.0]"
./casia/sad/file_41_1.wav,"[0.0, 0.0, 0.0, 0.0, 1.0, 0.0]"
./casia/sad/file_61_2.wav,"[0.0, 0.0, 0.0, 0.0, 1.0, 0.0]"
./casia/sad/file_15_3.wav,"[0.0, 0.0, 0.0, 0.0, 1.0, 0.0]"
./casia/sad/file_160_1.wav,"[0.0, 0.0, 0.0, 0.0, 1.0, 0.0]"
./casia/sad/file_160_3.wav,"[0.0, 0.0, 0.0, 0.0, 1.0, 0.0]"
./casia/sad/file_161_2.wav,"[0.0, 0.0, 0.0, 0.0, 1.0, 0.0]"
./casia/sad/file_164_1.wav,"[0.0, 0.0, 0.0, 0.0, 1.0, 0.0]"
./casia/sad/file_164_3.wav,"[0.0, 0.0, 0.0, 0.0, 1.0, 0.0]"
./casia/sad/file_165_2.wav,"[0.0, 0.0, 0.0, 0.0, 1.0, 0.0]"
./casia/sad/file_168_1.wav,"[0.0, 0.0, 0.0, 0.0, 1.0, 0.0]"
./casia/sad/file_168_3.wav,"[0.0, 0.0, 0.0, 0.0, 1.0, 0.0]"
./casia/sad/file_16_1.wav,"[0.0, 0.0, 0.0, 0.0, 1.0, 0.0]"
./casia/sad/file_16_2.wav,"[0.0, 0.0, 0.0, 0.0, 1.0, 0.0]"
./casia/sad/file_171_1.wav,"[0.0, 0.0, 0.0, 0.0, 1.0, 0.0]"
./casia/sad/file_171_3.wav,"[0.0, 0.0, 0.0, 0.0, 1.0, 0.0]"
./casia/sad/file_172_2.wav,"[0.0, 0.0, 0.0, 0.0, 1.0, 0.0]"
./casia/sad/file_175_1.wav,"[0.0, 0.0, 0.0, 0.0, 1.0, 0.0]"
./casia/sad/file_175_3.wav,"[0.0, 0.0, 0.0, 0.0, 1.0, 0.0]"
./casia/sad/file_176_2.wav,"[0.0, 0.0, 0.0, 0.0, 1.0, 0.0]"
./casia/sad/file_179_3.wav,"[0.0, 0.0, 0.0, 0.0, 1.0, 0.0]"
./casia/sad/file_180_2.wav,"[0.0, 0.0, 0.0, 0.0, 1.0, 0.0]"
./casia/sad/file_183_1.wav,"[0.0, 0.0, 0.0, 0.0, 1.0, 0.0]"
./casia/sad/file_183_3.wav,"[0.0, 0.0, 0.0, 0.0, 1.0, 0.0]"
./casia/sad/file_184_2.wav,"[0.0, 0.0, 0.0, 0.0, 1.0, 0.0]"
./casia/sad/file_187_1.wav,"[0.0, 0.0, 0.0, 0.0, 1.0, 0.0]"
./casia/sad/file_187_3.wav,"[0.0, 0.0, 0.0, 0.0, 1.0, 0.0]"
./casia/sad/file_188_2.wav,"[0.0, 0.0, 0.0, 0.0, 1.0, 0.0]"
./casia/sad/file_191_1.wav,"[0.0, 0.0, 0.0, 0.0, 1.0, 0.0]"
./casia/sad/file_191_3.wav,"[0.0, 0.0, 0.0, 0.0, 1.0, 0.0]"
./casia/sad/file_192_2.wav,"[0.0, 0.0, 0.0, 0.0, 1.0, 0.0]"
./casia/sad/file_195_1.wav,"[0.0, 0.0, 0.0, 0.0, 1.0, 0.0]"
./casia/sad/file_195_3.wav,"[0.0, 0.0, 0.0, 0.0, 1.0, 0.0]"
./casia/sad/file_196_2.wav,"[0.0, 0.0, 0.0, 0.0, 1.0, 0.0]"
./casia/sad/file_199_1.wav,"[0.0, 0.0, 0.0, 0.0, 1.0, 0.0]"
./casia/sad/file_199_3.wav,"[0.0, 0.0, 0.0, 0.0, 1.0, 0.0]"
./casia/sad/file_19_1.wav,"[0.0, 0.0, 0.0, 0.0, 1.0, 0.0]"
./casia/sad/file_200_2.wav,"[0.0, 0.0, 0.0, 0.0, 1.0, 0.0]"
./casia/sad/file_20_2.wav,"[0.0, 0.0, 0.0, 0.0, 1.0, 0.0]"
./casia/sad/file_22_1.wav,"[0.0, 0.0, 0.0, 0.0, 1.0, 0.0]"
./casia/sad/file_22_3.wav,"[0.0, 0.0, 0.0, 0.0, 1.0, 0.0]"
./casia/sad/file_23_2.wav,"[0.0, 0.0, 0.0, 0.0, 1.0, 0.0]"
./casia/sad/file_26_1.wav,"[0.0, 0.0, 0.0, 0.0, 1.0, 0.0]"
./casia/sad/file_26_3.wav,"[0.0, 0.0, 0.0, 0.0, 1.0, 0.0]"
./casia/sad/file_27_2.wav,"[0.0, 0.0, 0.0, 0.0, 1.0, 0.0]"
./casia/sad/file_30_1.wav,"[0.0, 0.0, 0.0, 0.0, 1.0, 0.0]"
./casia/sad/file_30_3.wav,"[0.0, 0.0, 0.0, 0.0, 1.0, 0.0]"
./casia/sad/file_31_2.wav,"[0.0, 0.0, 0.0, 0.0, 1.0, 0.0]"
./casia/sad/file_34_1.wav,"[0.0, 0.0, 0.0, 0.0, 1.0, 0.0]"
./casia/sad/file_34_3.wav,"[0.0, 0.0, 0.0, 0.0, 1.0, 0.0]"
./casia/sad/file_35_2.wav,"[0.0, 0.0, 0.0, 0.0, 1.0, 0.0]"
./casia/sad/file_38_1.wav,"[0.0, 0.0, 0.0, 0.0, 1.0, 0.0]"
./casia/sad/file_38_3.wav,"[0.0, 0.0, 0.0, 0.0, 1.0, 0.0]"
./casia/sad/file_39_2.wav,"[0.0, 0.0, 0.0, 0.0, 1.0, 0.0]"
./casia/sad/file_41_3.wav,"[0.0, 0.0, 0.0, 0.0, 1.0, 0.0]"
./casia/sad/file_42_2.wav,"[0.0, 0.0, 0.0, 0.0, 1.0, 0.0]"
./casia/sad/file_45_1.wav,"[0.0, 0.0, 0.0, 0.0, 1.0, 0.0]"
./casia/sad/file_45_3.wav,"[0.0, 0.0, 0.0, 0.0, 1.0, 0.0]"
./casia/sad/file_46_2.wav,"[0.0, 0.0, 0.0, 0.0, 1.0, 0.0]"
./casia/sad/file_49_1.wav,"[0.0, 0.0, 0.0, 0.0, 1.0, 0.0]"
./casia/sad/file_49_3.wav,"[0.0, 0.0, 0.0, 0.0, 1.0, 0.0]"
./casia/sad/file_4_1.wav,"[0.0, 0.0, 0.0, 0.0, 1.0, 0.0]"
./casia/sad/file_4_2.wav,"[0.0, 0.0, 0.0, 0.0, 1.0, 0.0]"
./casia/sad/file_4_3.wav,"[0.0, 0.0, 0.0, 0.0, 1.0, 0.0]"
./casia/sad/file_50_2.wav,"[0.0, 0.0, 0.0, 0.0, 1.0, 0.0]"
./casia/sad/file_53_1.wav,"[0.0, 0.0, 0.0, 0.0, 1.0, 0.0]"
./casia/sad/file_53_3.wav,"[0.0, 0.0, 0.0, 0.0, 1.0, 0.0]"
./casia/sad/file_54_2.wav,"[0.0, 0.0, 0.0, 0.0, 1.0, 0.0]"
./casia/sad/file_57_1.wav,"[0.0, 0.0, 0.0, 0.0, 1.0, 0.0]"
./casia/sad/file_57_3.wav,"[0.0, 0.0, 0.0, 0.0, 1.0, 0.0]"
./casia/sad/file_58_2.wav,"[0.0, 0.0, 0.0, 0.0, 1.0, 0.0]"
./casia/sad/file_64_1.wav,"[0.0, 0.0, 0.0, 0.0, 1.0, 0.0]"
./casia/sad/file_64_3.wav,"[0.0, 0.0, 0.0, 0.0, 1.0, 0.0]"
./casia/sad/file_65_2.wav,"[0.0, 0.0, 0.0, 0.0, 1.0, 0.0]"
./casia/sad/file_68_1.wav,"[0.0, 0.0, 0.0, 0.0, 1.0, 0.0]"
./casia/sad/file_68_3.wav,"[0.0, 0.0, 0.0, 0.0, 1.0, 0.0]"
./casia/sad/file_69_2.wav,"[0.0, 0.0, 0.0, 0.0, 1.0, 0.0]"
./casia/sad/file_72_1.wav,"[0.0, 0.0, 0.0, 0.0, 1.0, 0.0]"
./casia/sad/file_72_3.wav,"[0.0, 0.0, 0.0, 0.0, 1.0, 0.0]"
./casia/sad/file_73_2.wav,"[0.0, 0.0, 0.0, 0.0, 1.0, 0.0]"
./casia/sad/file_76_1.wav,"[0.0, 0.0, 0.0, 0.0, 1.0, 0.0]"
./casia/sad/file_76_3.wav,"[0.0, 0.0, 0.0, 0.0, 1.0, 0.0]"
./casia/sad/file_77_2.wav,"[0.0, 0.0, 0.0, 0.0, 1.0, 0.0]"
./casia/sad/file_80_1.wav,"[0.0, 0.0, 0.0, 0.0, 1.0, 0.0]"
./casia/sad/file_80_3.wav,"[0.0, 0.0, 0.0, 0.0, 1.0, 0.0]"
./casia/sad/file_83_1.wav,"[0.0, 0.0, 0.0, 0.0, 1.0, 0.0]"
./casia/sad/file_83_3.wav,"[0.0, 0.0, 0.0, 0.0, 1.0, 0.0]"
./casia/sad/file_84_2.wav,"[0.0, 0.0, 0.0, 0.0, 1.0, 0.0]"
./casia/sad/file_87_1.wav,"[0.0, 0.0, 0.0, 0.0, 1.0, 0.0]"
./casia/sad/file_87_3.wav,"[0.0, 0.0, 0.0, 0.0, 1.0, 0.0]"
./casia/sad/file_88_2.wav,"[0.0, 0.0, 0.0, 0.0, 1.0, 0.0]"
./casia/sad/file_8_1.wav,"[0.0, 0.0, 0.0, 0.0, 1.0, 0.0]"
./casia/sad/file_8_2.wav,"[0.0, 0.0, 0.0, 0.0, 1.0, 0.0]"
./casia/sad/file_8_3.wav,"[0.0, 0.0, 0.0, 0.0, 1.0, 0.0]"
./casia/sad/file_91_1.wav,"[0.0, 0.0, 0.0, 0.0, 1.0, 0.0]"
./casia/sad/file_91_3.wav,"[0.0, 0.0, 0.0, 0.0, 1.0, 0.0]"
./casia/sad/file_92_2.wav,"[0.0, 0.0, 0.0, 0.0, 1.0, 0.0]"
./casia/sad/file_95_1.wav,"[0.0, 0.0, 0.0, 0.0, 1.0, 0.0]"
./casia/sad/file_95_3.wav,"[0.0, 0.0, 0.0, 0.0, 1.0, 0.0]"
./casia/sad/file_96_2.wav,"[0.0, 0.0, 0.0, 0.0, 1.0, 0.0]"
./casia/sad/file_99_1.wav,"[0.0, 0.0, 0.0, 0.0, 1.0, 0.0]"
./casia/sad/file_99_3.wav,"[0.0, 0.0, 0.0, 0.0, 1.0, 0.0]"
./casia/surprise/201.wav,"[0.0, 0.0, 0.0, 0.0, 0.0, 1.0]"
./casia/surprise/202.wav,"[0.0, 0.0, 0.0, 0.0, 0.0, 1.0]"
./casia/surprise/203.wav,"[0.0, 0.0, 0.0, 0.0, 0.0, 1.0]"
./casia/surprise/204.wav,"[0.0, 0.0, 0.0, 0.0, 0.0, 1.0]"
./casia/surprise/205.wav,"[0.0, 0.0, 0.0, 0.0, 0.0, 1.0]"
./casia/surprise/206.wav,"[0.0, 0.0, 0.0, 0.0, 0.0, 1.0]"
./casia/surprise/207.wav,"[0.0, 0.0, 0.0, 0.0, 0.0, 1.0]"
./casia/surprise/208.wav,"[0.0, 0.0, 0.0, 0.0, 0.0, 1.0]"
./casia/surprise/209.wav,"[0.0, 0.0, 0.0, 0.0, 0.0, 1.0]"
./casia/surprise/210.wav,"[0.0, 0.0, 0.0, 0.0, 0.0, 1.0]"
./casia/surprise/211.wav,"[0.0, 0.0, 0.0, 0.0, 0.0, 1.0]"
./casia/surprise/212.wav,"[0.0, 0.0, 0.0, 0.0, 0.0, 1.0]"
./casia/surprise/213.wav,"[0.0, 0.0, 0.0, 0.0, 0.0, 1.0]"
./casia/surprise/214.wav,"[0.0, 0.0, 0.0, 0.0, 0.0, 1.0]"
./casia/surprise/215.wav,"[0.0, 0.0, 0.0, 0.0, 0.0, 1.0]"
./casia/surprise/216.wav,"[0.0, 0.0, 0.0, 0.0, 0.0, 1.0]"
./casia/surprise/217.wav,"[0.0, 0.0, 0.0, 0.0, 0.0, 1.0]"
./casia/surprise/218.wav,"[0.0, 0.0, 0.0, 0.0, 0.0, 1.0]"
./casia/surprise/219.wav,"[0.0, 0.0, 0.0, 0.0, 0.0, 1.0]"
./casia/surprise/220.wav,"[0.0, 0.0, 0.0, 0.0, 0.0, 1.0]"
./casia/surprise/222.wav,"[0.0, 0.0, 0.0, 0.0, 0.0, 1.0]"
./casia/surprise/223.wav,"[0.0, 0.0, 0.0, 0.0, 0.0, 1.0]"
./casia/surprise/224.wav,"[0.0, 0.0, 0.0, 0.0, 0.0, 1.0]"
./casia/surprise/225.wav,"[0.0, 0.0, 0.0, 0.0, 0.0, 1.0]"
./casia/surprise/226.wav,"[0.0, 0.0, 0.0, 0.0, 0.0, 1.0]"
./casia/surprise/227.wav,"[0.0, 0.0, 0.0, 0.0, 0.0, 1.0]"
./casia/surprise/228.wav,"[0.0, 0.0, 0.0, 0.0, 0.0, 1.0]"
./casia/surprise/229.wav,"[0.0, 0.0, 0.0, 0.0, 0.0, 1.0]"
./casia/surprise/230.wav,"[0.0, 0.0, 0.0, 0.0, 0.0, 1.0]"
./casia/surprise/231.wav,"[0.0, 0.0, 0.0, 0.0, 0.0, 1.0]"
./casia/surprise/232.wav,"[0.0, 0.0, 0.0, 0.0, 0.0, 1.0]"
./casia/surprise/233.wav,"[0.0, 0.0, 0.0, 0.0, 0.0, 1.0]"
./casia/surprise/234.wav,"[0.0, 0.0, 0.0, 0.0, 0.0, 1.0]"
./casia/surprise/235.wav,"[0.0, 0.0, 0.0, 0.0, 0.0, 1.0]"
./casia/surprise/236.wav,"[0.0, 0.0, 0.0, 0.0, 0.0, 1.0]"
./casia/surprise/237.wav,"[0.0, 0.0, 0.0, 0.0, 0.0, 1.0]"
./casia/surprise/238.wav,"[0.0, 0.0, 0.0, 0.0, 0.0, 1.0]"
./casia/surprise/239.wav,"[0.0, 0.0, 0.0, 0.0, 0.0, 1.0]"
./casia/surprise/240.wav,"[0.0, 0.0, 0.0, 0.0, 0.0, 1.0]"
./casia/surprise/241.wav,"[0.0, 0.0, 0.0, 0.0, 0.0, 1.0]"
./casia/surprise/243.wav,"[0.0, 0.0, 0.0, 0.0, 0.0, 1.0]"
./casia/surprise/244.wav,"[0.0, 0.0, 0.0, 0.0, 0.0, 1.0]"
./casia/surprise/245.wav,"[0.0, 0.0, 0.0, 0.0, 0.0, 1.0]"
./casia/surprise/246.wav,"[0.0, 0.0, 0.0, 0.0, 0.0, 1.0]"
./casia/surprise/247.wav,"[0.0, 0.0, 0.0, 0.0, 0.0, 1.0]"
./casia/surprise/248.wav,"[0.0, 0.0, 0.0, 0.0, 0.0, 1.0]"
./casia/surprise/249.wav,"[0.0, 0.0, 0.0, 0.0, 0.0, 1.0]"
./casia/surprise/250.wav,"[0.0, 0.0, 0.0, 0.0, 0.0, 1.0]"
./casia/surprise/file_100_1.wav,"[0.0, 0.0, 0.0, 0.0, 0.0, 1.0]"
./casia/surprise/file_100_2.wav,"[0.0, 0.0, 0.0, 0.0, 0.0, 1.0]"
./casia/surprise/file_100_3.wav,"[0.0, 0.0, 0.0, 0.0, 0.0, 1.0]"
./casia/surprise/file_104_1.wav,"[0.0, 0.0, 0.0, 0.0, 0.0, 1.0]"
./casia/surprise/file_104_2.wav,"[0.0, 0.0, 0.0, 0.0, 0.0, 1.0]"
./casia/surprise/file_104_3.wav,"[0.0, 0.0, 0.0, 0.0, 0.0, 1.0]"
./casia/surprise/file_108_1.wav,"[0.0, 0.0, 0.0, 0.0, 0.0, 1.0]"
./casia/surprise/file_108_2.wav,"[0.0, 0.0, 0.0, 0.0, 0.0, 1.0]"
./casia/surprise/file_108_3.wav,"[0.0, 0.0, 0.0, 0.0, 0.0, 1.0]"
./casia/surprise/file_111_1.wav,"[0.0, 0.0, 0.0, 0.0, 0.0, 1.0]"
./casia/surprise/file_111_3.wav,"[0.0, 0.0, 0.0, 0.0, 0.0, 1.0]"
./casia/surprise/file_115_1.wav,"[0.0, 0.0, 0.0, 0.0, 0.0, 1.0]"
./casia/surprise/file_115_2.wav,"[0.0, 0.0, 0.0, 0.0, 0.0, 1.0]"
./casia/surprise/file_115_3.wav,"[0.0, 0.0, 0.0, 0.0, 0.0, 1.0]"
./casia/surprise/file_119_1.wav,"[0.0, 0.0, 0.0, 0.0, 0.0, 1.0]"
./casia/surprise/file_119_2.wav,"[0.0, 0.0, 0.0, 0.0, 0.0, 1.0]"
./casia/surprise/file_119_3.wav,"[0.0, 0.0, 0.0, 0.0, 0.0, 1.0]"
./casia/surprise/file_123_1.wav,"[0.0, 0.0, 0.0, 0.0, 0.0, 1.0]"
./casia/surprise/file_123_2.wav,"[0.0, 0.0, 0.0, 0.0, 0.0, 1.0]"
./casia/surprise/file_123_3.wav,"[0.0, 0.0, 0.0, 0.0, 0.0, 1.0]"
./casia/surprise/file_127_1.wav,"[0.0, 0.0, 0.0, 0.0, 0.0, 1.0]"
./casia/surprise/file_127_2.wav,"[0.0, 0.0, 0.0, 0.0, 0.0, 1.0]"
./casia/surprise/file_127_3.wav,"[0.0, 0.0, 0.0, 0.0, 0.0, 1.0]"
./casia/surprise/file_12_1.wav,"[0.0, 0.0, 0.0, 0.0, 0.0, 1.0]"
./casia/surprise/file_12_2.wav,"[0.0, 0.0, 0.0, 0.0, 0.0, 1.0]"
./casia/surprise/file_12_3.wav,"[0.0, 0.0, 0.0, 0.0, 0.0, 1.0]"
./casia/surprise/file_130_1.wav,"[0.0, 0.0, 0.0, 0.0, 0.0, 1.0]"
./casia/surprise/file_130_3.wav,"[0.0, 0.0, 0.0, 0.0, 0.0, 1.0]"
./casia/surprise/file_134_1.wav,"[0.0, 0.0, 0.0, 0.0, 0.0, 1.0]"
./casia/surprise/file_134_2.wav,"[0.0, 0.0, 0.0, 0.0, 0.0, 1.0]"
./casia/surprise/file_134_3.wav,"[0.0, 0.0, 0.0, 0.0, 0.0, 1.0]"
./casia/surprise/file_138_1.wav,"[0.0, 0.0, 0.0, 0.0, 0.0, 1.0]"
./casia/surprise/file_138_2.wav,"[0.0, 0.0, 0.0, 0.0, 0.0, 1.0]"
./casia/surprise/file_138_3.wav,"[0.0, 0.0, 0.0, 0.0, 0.0, 1.0]"
./casia/surprise/file_142_1.wav,"[0.0, 0.0, 0.0, 0.0, 0.0, 1.0]"
./casia/surprise/file_142_2.wav,"[0.0, 0.0, 0.0, 0.0, 0.0, 1.0]"
./casia/surprise/file_142_3.wav,"[0.0, 0.0, 0.0, 0.0, 0.0, 1.0]"
./casia/surprise/file_146_1.wav,"[0.0, 0.0, 0.0, 0.0, 0.0, 1.0]"
./casia/surprise/file_146_2.wav,"[0.0, 0.0, 0.0, 0.0, 0.0, 1.0]"
./casia/surprise/file_146_3.wav,"[0.0, 0.0, 0.0, 0.0, 0.0, 1.0]"
./casia/surprise/file_149_1.wav,"[0.0, 0.0, 0.0, 0.0, 0.0, 1.0]"
./casia/surprise/file_149_2.wav,"[0.0, 0.0, 0.0, 0.0, 0.0, 1.0]"
./casia/surprise/file_149_3.wav,"[0.0, 0.0, 0.0, 0.0, 0.0, 1.0]"
./casia/surprise/file_153_1.wav,"[0.0, 0.0, 0.0, 0.0, 0.0, 1.0]"
./casia/surprise/221.wav,"[0.0, 0.0, 0.0, 0.0, 0.0, 1.0]"
./casia/surprise/242.wav,"[0.0, 0.0, 0.0, 0.0, 0.0, 1.0]"
./casia/surprise/file_111_2.wav,"[0.0, 0.0, 0.0, 0.0, 0.0, 1.0]"
./casia/surprise/file_130_2.wav,"[0.0, 0.0, 0.0, 0.0, 0.0, 1.0]"
./casia/surprise/file_153_2.wav,"[0.0, 0.0, 0.0, 0.0, 0.0, 1.0]"
./casia/surprise/file_176_2.wav,"[0.0, 0.0, 0.0, 0.0, 0.0, 1.0]"
./casia/surprise/file_200_2.wav,"[0.0, 0.0, 0.0, 0.0, 0.0, 1.0]"
./casia/surprise/file_39_2.wav,"[0.0, 0.0, 0.0, 0.0, 0.0, 1.0]"
./casia/surprise/file_58_2.wav,"[0.0, 0.0, 0.0, 0.0, 0.0, 1.0]"
./casia/surprise/file_153_3.wav,"[0.0, 0.0, 0.0, 0.0, 0.0, 1.0]"
./casia/surprise/file_157_1.wav,"[0.0, 0.0, 0.0, 0.0, 0.0, 1.0]"
./casia/surprise/file_157_2.wav,"[0.0, 0.0, 0.0, 0.0, 0.0, 1.0]"
./casia/surprise/file_157_3.wav,"[0.0, 0.0, 0.0, 0.0, 0.0, 1.0]"
./casia/surprise/file_161_1.wav,"[0.0, 0.0, 0.0, 0.0, 0.0, 1.0]"
./casia/surprise/file_161_2.wav,"[0.0, 0.0, 0.0, 0.0, 0.0, 1.0]"
./casia/surprise/file_161_3.wav,"[0.0, 0.0, 0.0, 0.0, 0.0, 1.0]"
./casia/surprise/file_165_1.wav,"[0.0, 0.0, 0.0, 0.0, 0.0, 1.0]"
./casia/surprise/file_165_2.wav,"[0.0, 0.0, 0.0, 0.0, 0.0, 1.0]"
./casia/surprise/file_165_3.wav,"[0.0, 0.0, 0.0, 0.0, 0.0, 1.0]"
./casia/surprise/file_16_1.wav,"[0.0, 0.0, 0.0, 0.0, 0.0, 1.0]"
./casia/surprise/file_16_2.wav,"[0.0, 0.0, 0.0, 0.0, 0.0, 1.0]"
./casia/surprise/file_16_3.wav,"[0.0, 0.0, 0.0, 0.0, 0.0, 1.0]"
./casia/surprise/file_172_1.wav,"[0.0, 0.0, 0.0, 0.0, 0.0, 1.0]"
./casia/surprise/file_172_2.wav,"[0.0, 0.0, 0.0, 0.0, 0.0, 1.0]"
./casia/surprise/file_172_3.wav,"[0.0, 0.0, 0.0, 0.0, 0.0, 1.0]"
./casia/surprise/file_176_1.wav,"[0.0, 0.0, 0.0, 0.0, 0.0, 1.0]"
./casia/surprise/file_176_3.wav,"[0.0, 0.0, 0.0, 0.0, 0.0, 1.0]"
./casia/surprise/file_180_1.wav,"[0.0, 0.0, 0.0, 0.0, 0.0, 1.0]"
./casia/surprise/file_180_2.wav,"[0.0, 0.0, 0.0, 0.0, 0.0, 1.0]"
./casia/surprise/file_180_3.wav,"[0.0, 0.0, 0.0, 0.0, 0.0, 1.0]"
./casia/surprise/file_184_1.wav,"[0.0, 0.0, 0.0, 0.0, 0.0, 1.0]"
./casia/surprise/file_184_2.wav,"[0.0, 0.0, 0.0, 0.0, 0.0, 1.0]"
./casia/surprise/file_184_3.wav,"[0.0, 0.0, 0.0, 0.0, 0.0, 1.0]"
./casia/surprise/file_188_1.wav,"[0.0, 0.0, 0.0, 0.0, 0.0, 1.0]"
./casia/surprise/file_188_2.wav,"[0.0, 0.0, 0.0, 0.0, 0.0, 1.0]"
./casia/surprise/file_188_3.wav,"[0.0, 0.0, 0.0, 0.0, 0.0, 1.0]"
./casia/surprise/file_192_1.wav,"[0.0, 0.0, 0.0, 0.0, 0.0, 1.0]"
./casia/surprise/file_192_2.wav,"[0.0, 0.0, 0.0, 0.0, 0.0, 1.0]"
./casia/surprise/file_192_3.wav,"[0.0, 0.0, 0.0, 0.0, 0.0, 1.0]"
./casia/surprise/file_196_1.wav,"[0.0, 0.0, 0.0, 0.0, 0.0, 1.0]"
./casia/surprise/file_196_2.wav,"[0.0, 0.0, 0.0, 0.0, 0.0, 1.0]"
./casia/surprise/file_196_3.wav,"[0.0, 0.0, 0.0, 0.0, 0.0, 1.0]"
./casia/surprise/file_200_1.wav,"[0.0, 0.0, 0.0, 0.0, 0.0, 1.0]"
./casia/surprise/file_200_3.wav,"[0.0, 0.0, 0.0, 0.0, 0.0, 1.0]"
./casia/surprise/file_20_1.wav,"[0.0, 0.0, 0.0, 0.0, 0.0, 1.0]"
./casia/surprise/file_20_2.wav,"[0.0, 0.0, 0.0, 0.0, 0.0, 1.0]"
./casia/surprise/file_20_3.wav,"[0.0, 0.0, 0.0, 0.0, 0.0, 1.0]"
./casia/surprise/file_23_1.wav,"[0.0, 0.0, 0.0, 0.0, 0.0, 1.0]"
./casia/surprise/file_23_2.wav,"[0.0, 0.0, 0.0, 0.0, 0.0, 1.0]"
./casia/surprise/file_23_3.wav,"[0.0, 0.0, 0.0, 0.0, 0.0, 1.0]"
./casia/surprise/file_27_1.wav,"[0.0, 0.0, 0.0, 0.0, 0.0, 1.0]"
./casia/surprise/file_27_2.wav,"[0.0, 0.0, 0.0, 0.0, 0.0, 1.0]"
./casia/surprise/file_27_3.wav,"[0.0, 0.0, 0.0, 0.0, 0.0, 1.0]"
./casia/surprise/file_31_1.wav,"[0.0, 0.0, 0.0, 0.0, 0.0, 1.0]"
./casia/surprise/file_31_2.wav,"[0.0, 0.0, 0.0, 0.0, 0.0, 1.0]"
./casia/surprise/file_31_3.wav,"[0.0, 0.0, 0.0, 0.0, 0.0, 1.0]"
./casia/surprise/file_35_1.wav,"[0.0, 0.0, 0.0, 0.0, 0.0, 1.0]"
./casia/surprise/file_35_2.wav,"[0.0, 0.0, 0.0, 0.0, 0.0, 1.0]"
./casia/surprise/file_35_3.wav,"[0.0, 0.0, 0.0, 0.0, 0.0, 1.0]"
./casia/surprise/file_39_1.wav,"[0.0, 0.0, 0.0, 0.0, 0.0, 1.0]"
./casia/surprise/file_39_3.wav,"[0.0, 0.0, 0.0, 0.0, 0.0, 1.0]"
./casia/surprise/file_42_1.wav,"[0.0, 0.0, 0.0, 0.0, 0.0, 1.0]"
./casia/surprise/file_42_2.wav,"[0.0, 0.0, 0.0, 0.0, 0.0, 1.0]"
./casia/surprise/file_42_3.wav,"[0.0, 0.0, 0.0, 0.0, 0.0, 1.0]"
./casia/surprise/file_46_1.wav,"[0.0, 0.0, 0.0, 0.0, 0.0, 1.0]"
./casia/surprise/file_46_2.wav,"[0.0, 0.0, 0.0, 0.0, 0.0, 1.0]"
./casia/surprise/file_46_3.wav,"[0.0, 0.0, 0.0, 0.0, 0.0, 1.0]"
./casia/surprise/file_4_1.wav,"[0.0, 0.0, 0.0, 0.0, 0.0, 1.0]"
./casia/surprise/file_4_2.wav,"[0.0, 0.0, 0.0, 0.0, 0.0, 1.0]"
./casia/surprise/file_4_3.wav,"[0.0, 0.0, 0.0, 0.0, 0.0, 1.0]"
./casia/surprise/file_50_1.wav,"[0.0, 0.0, 0.0, 0.0, 0.0, 1.0]"
./casia/surprise/file_50_2.wav,"[0.0, 0.0, 0.0, 0.0, 0.0, 1.0]"
./casia/surprise/file_50_3.wav,"[0.0, 0.0, 0.0, 0.0, 0.0, 1.0]"
./casia/surprise/file_54_1.wav,"[0.0, 0.0, 0.0, 0.0, 0.0, 1.0]"
./casia/surprise/file_54_2.wav,"[0.0, 0.0, 0.0, 0.0, 0.0, 1.0]"
./casia/surprise/file_54_3.wav,"[0.0, 0.0, 0.0, 0.0, 0.0, 1.0]"
./casia/surprise/file_58_1.wav,"[0.0, 0.0, 0.0, 0.0, 0.0, 1.0]"
./casia/surprise/file_58_3.wav,"[0.0, 0.0, 0.0, 0.0, 0.0, 1.0]"
./casia/surprise/file_61_1.wav,"[0.0, 0.0, 0.0, 0.0, 0.0, 1.0]"
./casia/surprise/file_61_2.wav,"[0.0, 0.0, 0.0, 0.0, 0.0, 1.0]"
./casia/surprise/file_61_3.wav,"[0.0, 0.0, 0.0, 0.0, 0.0, 1.0]"
./casia/surprise/file_65_1.wav,"[0.0, 0.0, 0.0, 0.0, 0.0, 1.0]"
./casia/surprise/file_65_2.wav,"[0.0, 0.0, 0.0, 0.0, 0.0, 1.0]"
./casia/surprise/file_65_3.wav,"[0.0, 0.0, 0.0, 0.0, 0.0, 1.0]"
./casia/surprise/file_69_1.wav,"[0.0, 0.0, 0.0, 0.0, 0.0, 1.0]"
./casia/surprise/file_69_2.wav,"[0.0, 0.0, 0.0, 0.0, 0.0, 1.0]"
./casia/surprise/file_69_3.wav,"[0.0, 0.0, 0.0, 0.0, 0.0, 1.0]"
./casia/surprise/file_73_1.wav,"[0.0, 0.0, 0.0, 0.0, 0.0, 1.0]"
./casia/surprise/file_73_2.wav,"[0.0, 0.0, 0.0, 0.0, 0.0, 1.0]"
./casia/surprise/file_73_3.wav,"[0.0, 0.0, 0.0, 0.0, 0.0, 1.0]"
./casia/surprise/file_77_1.wav,"[0.0, 0.0, 0.0, 0.0, 0.0, 1.0]"
./casia/surprise/file_77_2.wav,"[0.0, 0.0, 0.0, 0.0, 0.0, 1.0]"
./casia/surprise/file_77_3.wav,"[0.0, 0.0, 0.0, 0.0, 0.0, 1.0]"
./casia/surprise/file_84_1.wav,"[0.0, 0.0, 0.0, 0.0, 0.0, 1.0]"
./casia/surprise/file_84_2.wav,"[0.0, 0.0, 0.0, 0.0, 0.0, 1.0]"
./casia/surprise/file_84_3.wav,"[0.0, 0.0, 0.0, 0.0, 0.0, 1.0]"
./casia/surprise/file_88_1.wav,"[0.0, 0.0, 0.0, 0.0, 0.0, 1.0]"
./casia/surprise/file_88_2.wav,"[0.0, 0.0, 0.0, 0.0, 0.0, 1.0]"
./casia/surprise/file_88_3.wav,"[0.0, 0.0, 0.0, 0.0, 0.0, 1.0]"
./casia/surprise/file_8_1.wav,"[0.0, 0.0, 0.0, 0.0, 0.0, 1.0]"
./casia/surprise/file_8_2.wav,"[0.0, 0.0, 0.0, 0.0, 0.0, 1.0]"
./casia/surprise/file_8_3.wav,"[0.0, 0.0, 0.0, 0.0, 0.0, 1.0]"
./casia/surprise/file_92_1.wav,"[0.0, 0.0, 0.0, 0.0, 0.0, 1.0]"
./casia/surprise/file_92_2.wav,"[0.0, 0.0, 0.0, 0.0, 0.0, 1.0]"
./casia/surprise/file_92_3.wav,"[0.0, 0.0, 0.0, 0.0, 0.0, 1.0]"
./casia/surprise/file_96_1.wav,"[0.0, 0.0, 0.0, 0.0, 0.0, 1.0]"
./casia/surprise/file_96_2.wav,"[0.0, 0.0, 0.0, 0.0, 0.0, 1.0]"
./casia/surprise/file_96_3.wav,"[0.0, 0.0, 0.0, 0.0, 0.0, 1.0]"
